0,140.227.122.55,59394
1,194.233.69.41,443
2,190.152.5.126,53040
3,115.146.123.232,3128
4,3.1.20.213,443
5,93.224.108.98,8080
6,77.50.104.110,3128
7,50.250.56.129,46456
8,80.59.199.213,8080
9,69.10.58.53,5050
10,77.37.136.33,8118
11,194.233.69.90,443
12,154.239.6.163,50800
13,83.151.2.50,3128
14,153.121.36.194,8118
15,186.96.117.69,8080
16,62.205.169.74,53281
17,80.65.28.57,30962
18,201.216.91.35,6666
19,188.120.232.181,8118
20,116.101.90.208,4004
21,135.148.120.146,8088
22,161.202.226.194,80
23,80.59.199.212,8080
24,51.161.9.105,8080
25,94.101.73.39,8080
26,186.159.3.43,30334
27,36.66.242.146,43936
28,185.125.253.130,8080
29,200.105.215.18,33630
30,170.106.116.3,59394
31,14.238.99.105,3128
32,95.140.27.135,58901
33,189.36.209.74,8081
34,190.7.141.66,47576
35,82.99.232.18,58689
36,149.126.98.162,9090
37,186.159.3.193,56861
38,58.84.190.199,53281
39,101.32.183.218,8118
40,182.48.68.10,8080
41,168.228.238.83,6969
42,95.111.225.137,443
43,143.198.77.84,9300
44,187.95.112.36,6666
45,102.69.52.102,8080
46,210.48.204.134,46669
47,210.14.35.194,55443
48,85.195.104.71,80
49,94.244.28.246,31280
50,194.224.192.226,8080
51,115.79.198.18,55443
52,43.224.10.11,6666
53,23.107.176.65,32180
54,20.119.120.226,59394
55,115.75.1.184,8118
56,187.95.113.110,56356
57,85.173.165.36,46330
58,18.141.184.81,443
59,31.173.94.93,43539
60,212.46.230.102,6969
61,158.69.66.131,9300
62,178.73.218.16,8888
63,194.233.69.38,443
64,47.254.75.151,8181
65,77.37.215.211,8000
66,188.32.68.137,8000
67,117.20.216.218,8080
68,46.219.80.142,57401
69,64.17.30.238,63141
70,223.29.199.144,55443
71,122.15.131.65,57873
72,45.236.152.45,6666
73,34.201.103.100,49205
74,151.106.55.38,1080
75,41.222.209.14,808
76,18.136.120.48,443
77,116.98.235.73,4004
78,50.233.42.98,51696
79,135.181.49.81,34628
80,1.225.178.185,8080
81,172.107.96.30,443
82,103.206.254.170,65103
83,8.210.238.62,80
84,37.152.183.44,8118
85,183.89.157.221,8213
86,92.204.185.153,1080
87,92.204.185.157,1080
88,2.56.255.193,19460
89,23.251.138.105,8080
90,151.106.55.41,1080
91,92.204.173.227,1080
92,103.101.3.19,8080
93,87.255.13.217,8080
94,92.204.173.229,1080
95,151.106.55.39,1080
96,1.10.141.220,54620
97,36.255.211.1,54623
98,92.204.252.133,1080
99,92.204.169.20,1080
0,78.138.99.74,1080
1,187.216.90.46,53281
2,45.15.16.174,8118
3,24.217.192.131,57273
4,78.153.4.52,8080
5,178.217.172.206,55443
6,88.157.191.22,8000
7,88.255.102.98,8080
8,101.109.255.18,50538
9,177.134.194.2,6666
10,171.231.226.164,4004
11,113.53.50.65,8080
12,188.234.250.191,8080
13,181.176.151.214,3128
14,217.219.61.6,8080
0,109.224.53.194,80
1,207.244.227.169,443
2,34.138.225.120,8888
3,175.100.72.95,57938
4,188.32.69.121,8000
5,45.11.6.117,53281
6,5.190.29.161,8080
7,47.57.30.255,59394
8,154.239.3.186,8080
9,183.81.126.167,4105
10,197.232.65.40,55443
11,66.42.57.230,59394
12,45.174.70.18,53281
13,5.190.132.44,8080
14,47.52.134.184,8118
15,221.224.136.211,35101
16,117.89.134.80,82
17,87.255.8.58,8080
18,45.162.244.199,55443
19,192.99.239.215,8080
20,23.107.176.117,32180
21,23.107.176.19,32180
22,150.129.148.88,35101
23,71.167.151.15,8080
24,94.73.212.196,80
0,101.99.95.54,80
1,185.201.88.128,6969
2,178.205.169.210,3128
3,77.40.252.172,8080
4,187.130.139.197,8080
5,195.181.198.178,8118
6,213.203.177.217,443
7,119.81.189.194,80
8,163.172.35.121,8088
9,181.224.204.22,22800
10,191.241.226.230,53281
11,181.52.85.249,36107
12,181.205.20.210,7654
13,2.187.228.170,8080
14,202.57.35.74,38629
15,171.97.54.42,55443
16,46.0.203.186,8080
17,198.27.74.6,9300
18,197.255.253.210,58136
0,118.70.12.171,53281
1,79.142.95.90,55443
2,170.238.255.90,31113
3,177.91.111.253,8080
4,89.171.41.90,6969
5,190.152.5.17,39888
6,213.6.66.66,48687
7,176.118.209.12,53281
0,47.115.156.64,3128
1,23.107.176.102,32180
2,188.168.56.82,55443
3,181.36.121.222,999
4,159.65.5.141,65534
5,110.74.199.16,63141
6,213.230.90.106,3128
7,20.47.108.204,8888
8,150.129.171.35,30093
9,168.196.211.10,55443
0,223.240.98.231,8000
1,177.126.216.149,60375
2,123.56.129.19,808
3,170.250.50.189,8080
4,176.98.95.105,32018
5,45.122.233.76,55443
6,46.8.247.3,50967
7,116.50.163.67,80
8,200.41.187.50,8080
9,93.91.112.247,41258
10,193.200.151.69,48241
11,43.134.97.78,59394
12,31.204.180.44,53281
13,46.175.70.69,44239
14,178.134.155.82,48146
15,8.210.216.131,8118
16,181.129.43.3,8080
17,197.157.219.169,48625
18,103.216.82.18,6666
19,103.241.227.110,6666
20,80.75.13.203,80
21,190.214.27.106,48586
22,195.170.38.230,8080
23,41.254.52.188,8080
24,187.92.71.154,53281
25,181.78.0.37,8080
26,5.189.184.6,80
27,58.147.186.10,8080
28,91.221.17.220,8000
29,58.97.72.83,8080
30,128.0.179.234,41258
31,66.70.229.115,43567
32,103.145.45.194,55443
33,178.151.34.43,8080
34,103.216.82.153,6666
35,47.57.101.76,8118
36,95.165.163.32,80
37,103.145.34.10,55443
38,27.109.116.28,55443
39,192.121.102.73,8118
40,212.3.135.232,3128
41,111.92.240.134,30598
42,80.106.247.145,53410
43,51.195.91.132,8118
44,182.16.171.42,43188
45,213.230.126.144,3128
46,87.237.234.187,3128
47,209.141.57.206,18679
48,103.138.120.98,8080
49,109.195.194.79,60992
50,103.11.106.68,8181
51,31.131.67.14,8080
52,62.152.75.110,50287
53,35.246.12.184,8080
54,41.203.37.20,6969
55,116.254.116.99,8080
56,185.107.252.106,53281
57,151.106.55.40,1080
58,87.197.151.153,8118
59,179.60.83.82,999
60,92.204.185.150,1080
61,200.116.198.180,32605
62,191.189.30.85,46501
63,154.0.15.166,46547
0,193.242.178.90,44551
1,200.116.226.210,43049
2,216.21.18.253,80
3,103.197.60.170,3128
4,197.248.184.157,53281
5,128.199.214.87,3128
6,206.0.9.18,8080
7,103.92.214.1,43399
8,23.107.176.36,32180
9,185.175.119.206,36442
10,181.129.140.83,35232
11,47.243.101.11,8118
12,59.153.83.170,55667
13,196.15.213.235,3128
14,121.244.147.137,8080
15,23.107.176.80,32180
16,85.187.184.129,8080
17,102.222.233.252,6969
18,190.53.46.11,38525
19,178.128.247.65,6969
20,62.78.84.159,8080
21,77.38.21.239,8080
22,110.74.222.71,44970
23,179.184.198.106,10446
24,47.56.69.11,8000
25,85.158.75.102,53281
26,45.184.155.85,6969
27,181.105.139.246,8080
28,24.165.144.126,8080
29,45.168.12.94,45563
30,36.92.95.186,8080
31,61.29.96.146,80
32,186.225.45.13,45974
33,152.70.87.25,59394
34,124.107.167.225,8080
35,221.120.210.211,39617
36,81.91.144.190,55443
37,182.253.117.114,46720
38,37.187.146.176,8118
39,182.23.79.162,39902
40,51.15.8.75,3738
41,92.50.234.198,3128
42,18.216.120.176,49205
43,41.65.252.101,1981
44,85.172.39.174,47326
45,110.74.195.65,55443
46,188.128.81.74,8080
47,114.104.139.90,9005
48,187.144.224.103,3128
49,112.74.125.30,8118
50,1.15.182.239,7890
51,120.11.107.235,7890
52,114.104.138.243,9005
53,200.233.92.222,20183
54,101.32.204.67,59394
55,14.207.120.74,8080
56,114.221.45.251,7890
57,85.159.2.171,8080
58,93.105.40.62,41258
59,45.179.184.6,8083
60,62.133.130.206,3128
61,125.46.0.62,53281
62,176.56.107.132,33831
63,114.104.143.30,9005
0,27.72.28.32,8008
1,103.1.93.184,55443
2,117.1.199.196,4004
3,103.251.225.16,6666
4,186.125.59.8,46316
5,117.1.237.57,4004
6,41.222.209.12,808
7,116.97.240.198,4004
8,171.245.44.105,4004
9,117.1.251.143,4004
10,115.79.228.114,4004
11,8.218.80.41,59394
12,116.97.31.83,4004
13,103.124.2.229,3128
14,8.218.81.68,59394
15,37.204.51.149,8000
16,117.5.236.131,4004
17,23.107.176.100,32180
18,47.243.5.0,59394
19,116.203.151.201,80
20,152.32.233.49,8080
21,193.41.88.58,53281
22,200.69.77.58,7999
23,129.226.113.45,59394
24,103.96.79.73,8080
25,171.240.186.207,4004
26,109.232.106.236,49565
27,164.68.123.119,9300
28,171.226.34.170,4004
29,13.229.47.250,8118
30,37.186.242.183,8080
31,89.250.149.114,60981
32,136.228.141.154,80
33,88.157.191.21,8000
34,200.7.193.229,54954
35,18.183.254.176,8899
36,101.32.15.180,59394
37,62.254.14.227,61377
38,191.242.178.209,3128
39,171.5.133.22,8080
40,95.137.240.30,60030
41,185.230.4.233,55443
42,186.209.41.38,8080
43,101.51.106.70,49285
44,1.53.50.129,4004
45,116.104.51.104,80
46,185.162.142.81,53281
47,124.41.240.96,55443
48,54.163.74.0,8888
49,196.22.221.2,58893
50,202.75.97.82,47009
51,20.55.91.13,59394
52,8.218.184.23,59394
53,8.218.82.225,59394
54,103.152.238.82,8080
55,8.218.178.92,59394
56,210.56.244.30,8080
57,209.45.111.194,45729
58,45.76.174.251,1088
59,117.2.28.235,55443
60,183.87.153.98,49602
61,188.32.226.107,8000
0,133.125.54.107,80
1,223.255.133.34,8080
2,8.218.240.178,59394
3,95.84.131.254,8000
0,36.94.172.187,6969
1,103.11.106.70,8181
2,49.233.173.151,9080
3,45.226.205.65,999
4,103.156.225.178,8080
5,166.111.50.197,10080
6,186.251.224.139,8080
7,103.41.212.226,44759
8,18.130.94.244,3128
9,121.139.218.165,31409
10,124.40.252.182,8080
11,96.231.131.114,8118
12,103.251.225.13,34052
13,113.120.60.241,43136
14,159.65.69.186,9300
15,185.74.38.234,41258
16,31.129.253.30,40223
17,200.148.169.234,8080
18,82.200.107.98,3128
19,101.53.158.48,9300
20,103.130.141.98,8080
21,1.179.148.9,55636
22,190.63.169.34,53281
23,27.73.16.148,4004
24,181.39.139.68,80
25,118.99.100.250,8080
26,150.129.148.99,35101
27,78.92.231.44,55443
28,109.69.110.195,59394
29,167.114.96.27,9300
30,118.201.86.149,3128
31,184.155.36.194,8080
32,176.36.20.67,61935
33,123.200.5.210,45780
0,185.221.237.53,80
1,160.16.63.79,3128
2,123.30.128.45,3128
3,27.79.193.18,4004
4,27.111.45.18,55443
5,3.96.207.147,80
6,37.204.58.34,8000
7,47.242.254.136,8119
8,83.171.106.94,3128
9,136.233.136.41,48976
10,190.214.52.226,53281
11,37.57.38.133,44299
12,188.32.67.95,8000
13,116.107.244.35,6666
14,114.7.27.98,8080
0,202.165.47.90,55443
0,37.113.128.227,8080
1,170.155.5.235,8080
2,209.146.19.59,55443
3,51.38.227.203,80
4,27.72.31.78,4105
5,103.56.207.234,8080
6,14.177.166.241,55443
7,209.141.32.163,18679
8,109.69.110.6,59394
9,143.198.70.90,9300
10,103.133.26.100,8181
11,2.179.193.146,80
0,45.226.205.11,999
1,116.251.216.95,80
2,221.120.210.220,39617
3,8.218.59.224,59394
4,185.121.26.130,24399
5,5.190.63.22,8080
6,45.56.73.143,8118
7,90.182.166.59,80
8,196.41.102.130,46004
9,186.219.96.47,54570
10,36.37.139.2,43997
11,177.86.201.22,8080
12,45.184.155.250,6969
13,179.108.123.210,51314
14,37.204.58.140,8000
15,103.12.160.85,31231
16,90.189.110.170,3128
17,189.51.4.254,45367
18,118.179.173.253,40836
19,210.14.104.230,8080
20,65.21.3.120,80
21,110.76.129.106,59570
22,46.229.187.169,53281
23,181.196.205.250,38178
24,103.212.92.253,48434
25,128.14.159.174,25309
26,154.236.184.74,1976
27,201.20.100.142,53281
28,43.230.131.123,8083
29,118.97.235.234,8080
30,43.241.141.21,35101
31,89.250.221.106,53281
32,144.217.253.209,9300
33,123.200.20.242,58847
34,43.135.167.16,59394
35,129.21.121.125,8080
36,171.231.228.7,4004
37,12.218.209.130,53281
38,188.32.240.95,8000
39,212.42.62.69,8080
40,101.32.73.51,59394
41,8.218.157.82,59394
42,20.81.62.32,3128
43,8.218.183.136,59394
44,202.69.45.22,8080
45,8.218.95.237,59394
46,154.236.179.226,1976
47,8.218.87.15,59394
48,78.84.14.122,53281
49,5.228.34.83,8000
0,103.214.46.7,12334
1,5.160.101.163,3128
2,185.142.67.23,8080
3,167.179.4.142,55443
4,180.148.210.94,54794
5,62.205.134.57,30008
6,27.76.148.73,4004
7,109.69.110.66,59394
8,149.28.91.128,1088
9,113.176.81.31,55443
10,43.133.172.219,808
11,209.141.47.248,18679
12,103.216.82.22,6666
13,80.66.81.35,53281
14,185.17.134.149,45984
15,185.243.57.202,8080
16,103.119.144.4,55443
0,92.60.190.22,50335
1,150.242.182.98,80
2,103.21.163.81,6666
3,118.185.100.249,55207
4,123.60.52.139,8080
5,109.195.23.223,34031
6,103.129.197.134,59394
7,190.119.199.20,57333
8,8.218.43.104,59394
9,193.123.227.220,59394
10,185.189.199.75,23500
11,190.2.210.126,999
12,158.69.72.138,9300
13,195.191.246.198,53281
14,181.129.74.58,40667
15,103.156.216.170,8080
16,217.11.184.30,3128
17,195.53.49.11,3128
18,190.152.17.62,55443
19,188.32.172.252,8000
20,103.119.144.5,55443
21,103.73.74.217,2021
22,200.116.198.177,35184
23,36.255.134.153,43948
24,103.66.196.218,23500
25,46.10.199.90,54567
26,184.82.69.136,4004
27,109.173.47.147,8000
28,5.42.158.11,11111
29,103.255.53.98,56031
30,213.32.75.44,6666
31,81.24.92.10,53281
32,103.209.64.19,6666
33,158.69.64.142,9300
34,150.129.250.28,33846
35,61.216.185.88,60808
36,45.184.155.254,6969
37,182.53.197.156,43060
38,103.109.59.242,53281
39,103.73.102.174,60080
40,8.218.242.27,59394
0,5.228.13.170,8000
1,187.87.189.252,55443
2,116.111.141.123,3333
3,213.230.69.193,3128
0,46.151.145.4,53281
1,185.191.164.114,26691
2,112.124.238.76,8080
3,81.24.117.250,18080
4,191.102.251.25,8085
5,27.116.51.85,6666
6,103.121.215.34,43520
7,123.16.151.126,4004
8,27.116.51.178,6666
9,190.183.246.27,8080
10,88.151.251.195,6969
11,170.210.4.222,37409
12,95.9.194.13,56726
13,49.12.43.32,5555
14,45.145.150.50,3128
15,118.201.86.150,3128
16,217.11.184.20,3128
17,47.243.119.209,59394
18,103.78.73.93,3128
19,118.24.1.73,8000
20,78.129.239.197,808
21,101.255.103.201,53281
22,140.227.25.56,5678
23,8.218.134.250,59394
24,103.240.77.98,30093
25,91.230.199.174,61440
26,131.221.97.8,55443
27,75.119.146.237,6969
28,187.216.93.20,55443
29,146.120.174.149,8989
30,103.79.155.42,46977
31,202.57.55.242,45112
32,103.155.198.5,8080
33,159.224.243.185,37793
34,150.129.171.123,6666
0,190.186.131.252,999
1,45.184.155.253,6969
2,47.241.254.115,8080
3,8.218.95.30,59394
4,103.208.200.115,23500
5,194.44.172.254,23500
6,178.150.148.38,8282
7,177.73.16.74,55443
8,190.211.105.86,55443
9,149.34.5.178,8080
10,103.79.74.193,53879
11,183.91.0.124,3128
12,78.47.223.55,5566
13,27.116.51.92,6666
14,103.78.73.92,3128
15,31.220.183.217,53281
16,213.230.121.116,3128
17,59.153.18.190,53281
18,187.111.160.29,40098
19,103.81.114.182,53281
20,202.154.180.53,46717
21,207.204.241.126,8118
22,141.51.70.139,8080
23,72.47.152.224,55443
24,188.190.245.135,55443
25,109.167.134.253,30710
26,118.67.220.46,36075
27,103.87.170.118,36380
28,150.107.137.25,8080
29,190.210.211.70,8080
30,93.76.213.77,42803
31,194.233.69.126,443
32,58.97.193.228,55443
33,188.190.42.233,55277
34,46.229.58.129,3128
35,113.160.37.152,53281
0,177.104.125.173,55443
1,103.87.206.249,48792
2,103.11.23.0,8085
3,158.140.167.148,53281
4,103.221.254.102,48146
5,85.185.236.61,3128
6,187.111.160.8,42579
7,103.78.73.94,3128
8,118.185.38.153,35101
9,111.118.128.140,41344
10,110.74.208.154,21776
0,197.248.83.89,6969
1,81.95.230.211,3128
2,195.154.60.82,3128
3,146.56.101.51,8080
4,77.37.157.204,8000
5,103.39.50.250,3128
6,167.71.199.228,8080
7,103.11.106.69,8181
8,175.106.17.62,57406
9,46.249.123.148,80
10,62.210.69.176,5566
11,192.140.42.83,31511
12,171.211.195.249,808
13,39.99.236.99,59394
14,113.160.206.37,55138
15,91.202.133.37,8080
16,195.91.221.230,55443
17,200.69.79.221,55443
18,77.233.5.68,55443
19,136.232.116.2,48976
20,118.98.65.146,8081
21,124.70.132.48,8081
22,160.16.149.58,8118
23,91.207.238.107,56288
24,36.80.36.57,46210
25,05.228.203.129,8000
26,103.241.227.108,6666
27,119.93.235.205,41731
28,195.158.14.118,3128
0,47.52.105.162,6666
1,176.62.188.158,56351
2,185.125.169.24,8118
3,79.160.233.21,8118
4,192.162.192.148,55443
5,177.91.96.44,6666
6,116.232.145.42,8118
7,200.164.65.80,55443
8,125.77.90.175,7890
9,66.70.229.119,43567
10,195.138.73.54,44017
11,179.184.165.181,8080
12,61.216.156.222,60808
13,209.141.33.154,18679
14,92.84.56.10,50782
15,51.15.85.114,8118
16,85.84.128.92,8118
17,176.119.134.13,23500
18,209.141.58.98,18679
19,82.151.197.179,8080
20,103.145.133.22,42325
21,117.102.81.4,53281
0,194.233.73.106,443
1,194.233.73.107,443
2,194.233.73.104,443
3,103.87.170.228,45585
4,187.111.160.6,8080
5,194.233.73.109,443
6,37.26.86.206,47464
7,128.199.89.215,2052
8,194.233.73.108,443
9,36.95.156.125,6969
10,194.143.251.140,41258
11,81.33.4.214,61711
12,177.87.168.105,53281
13,212.73.68.156,3128
14,47.52.135.122,8118
15,193.242.151.45,8080
16,144.217.75.65,8800
17,103.31.251.236,443
18,91.202.240.208,51678
19,119.63.246.59,8118
20,182.191.84.39,80
21,104.168.143.247,8088
22,114.7.193.212,8080
23,46.4.91.36,3128
24,201.62.56.49,35816
25,43.224.10.42,6666
26,95.154.104.147,44393
27,37.57.15.43,33761
28,62.182.114.164,60731
29,101.51.139.179,8080
30,14.207.57.181,8080
31,138.117.84.161,8080
32,180.251.60.137,8080
33,92.204.169.23,1080
34,41.161.92.138,8080
35,183.89.41.29,8080
36,151.106.1.66,1080
37,92.204.169.28,1080
38,170.80.65.221,6666
39,213.32.75.88,9300
0,103.4.167.46,8080
1,156.200.116.67,1976
2,176.9.63.62,3128
3,194.233.73.103,443
4,108.21.233.5,8888
5,220.135.165.38,8080
6,218.161.36.89,53438
7,150.129.52.74,6666
8,178.93.24.80,55924
9,14.177.236.212,55443
10,66.70.229.126,43567
11,143.255.52.102,31158
12,101.255.125.124,8080
13,183.141.243.51,8118
14,124.121.123.111,8118
15,182.52.236.134,8080
16,155.4.30.90,8080
17,116.62.127.66,8118
18,213.230.97.169,3128
19,41.234.66.33,3128
20,120.14.60.226,7890
21,209.52.84.136,53281
22,103.216.82.43,6666
23,125.25.30.10,8080
24,125.99.115.193,40390
25,94.232.11.178,46449
26,209.45.111.198,45729
27,213.6.199.94,49044
28,93.115.145.7,3128
29,45.121.216.99,8080
30,89.24.76.185,32842
0,45.189.19.7,45356
0,103.241.227.100,6666
1,41.60.237.239,8080
2,115.42.8.15,53281
3,172.107.227.2,443
4,212.8.40.78,3128
5,46.246.84.11,8080
6,5.58.33.187,55507
7,79.124.78.144,443
8,46.174.37.21,8118
9,68.202.141.247,8080
10,103.133.222.75,8181
11,116.203.155.45,8118
12,175.106.10.226,51630
13,113.22.255.79,4004
14,91.207.147.243,38472
15,187.44.167.78,60786
0,36.37.177.186,8080
1,36.89.229.97,59707
2,45.137.66.130,8103
3,81.24.95.77,41258
4,43.231.21.176,36415
5,51.15.179.176,8118
6,193.34.21.4,55277
7,79.127.53.67,3128
8,84.53.247.204,53281
9,37.194.226.31,55443
10,194.114.128.149,61213
11,43.245.202.15,57396
12,79.104.25.218,8080
13,200.54.194.12,53281
14,77.23.85.29,8118
15,14.161.252.185,55443
16,131.72.69.65,45006
17,128.14.163.74,30509
18,14.161.31.192,53281
19,158.69.74.53,9300
20,180.94.69.66,8080
21,51.68.82.156,8118
22,114.7.193.214,8080
23,116.68.161.54,55443
24,1.179.183.73,50178
25,187.237.121.46,80
26,95.104.54.227,42119
27,185.104.252.10,9090
28,203.194.111.112,6969
29,186.0.176.147,443
30,103.216.82.20,6666
31,46.254.217.54,53281
32,103.143.193.182,3128
0,103.102.14.8,3127
1,200.29.109.112,44749
2,103.205.183.18,55443
3,194.233.67.98,443
4,197.157.193.9,8080
5,82.137.250.45,7999
6,77.46.134.78,22800
7,47.75.132.50,8118
8,36.67.27.189,39674
9,124.41.211.196,31120
10,180.211.158.122,58375
11,36.91.112.211,8080
12,122.252.182.83,53281
13,36.90.182.202,8080
14,92.204.252.146,1080
15,201.234.53.212,999
16,200.125.169.99,999
17,202.152.39.146,80
18,36.67.66.100,30142
19,103.20.235.145,59394
20,103.121.199.142,8080
21,92.207.253.226,38157
22,103.239.254.114,36110
23,113.130.126.2,31932
24,197.210.217.66,34808
25,3.88.202.89,49205
26,183.88.219.206,41564
27,36.95.65.99,8019
28,52.91.171.186,49205
29,95.143.8.182,57169
30,81.163.37.225,55443
0,65.18.114.254,55443
1,91.107.6.115,53281
2,157.230.233.189,3008
3,117.54.11.82,3128
4,110.44.124.220,55443
5,165.16.22.166,8080
6,148.251.249.240,3128
7,203.142.68.141,3128
8,201.217.245.229,49160
9,176.101.89.226,33470
10,46.35.249.189,41419
11,94.73.205.1,55443
12,103.9.188.229,36984
13,202.62.84.210,53281
14,103.251.214.167,6666
15,190.220.1.173,56974
16,192.121.246.2,8118
0,175.139.179.65,42580
1,103.59.176.154,8080
2,188.32.237.11,8000
3,5.228.203.129,8000
4,186.233.96.246,23500
0,77.70.35.87,37475
1,196.0.111.194,34638
2,114.110.21.121,50464
3,116.103.46.15,4004
4,45.237.114.8,34565
5,171.234.213.55,4004
6,134.19.254.2,21231
7,169.239.188.61,48807
8,182.160.124.26,8081
9,103.123.64.20,8888
10,85.159.48.170,40014
11,111.76.157.52,27715
12,213.230.121.115,3128
13,123.56.118.36,8080
14,128.201.138.21,3128
15,43.134.213.254,59394
16,43.224.10.13,6666
17,114.110.21.50,50464
18,103.130.4.25,55443
19,187.111.176.212,8080
20,43.224.10.43,6666
21,196.20.12.33,8080
0,81.69.223.106,9080
1,47.88.77.62,8080
2,14.248.105.176,4016
3,176.74.216.53,8080
4,115.74.139.111,4001
5,45.237.128.235,8090
6,62.87.151.144,38615
7,1.117.100.196,7788
8,43.134.200.122,59394
9,134.122.133.231,59394
10,110.232.78.55,55667
11,120.78.14.27,8088
12,110.82.195.12,7082
13,37.120.192.154,8080
14,94.73.239.124,55443
15,146.120.214.21,8080
16,123.231.221.242,6969
17,132.145.10.60,8080
18,31.7.148.70,3128
19,182.176.149.66,22800
20,213.6.227.38,45730
21,213.230.68.206,3128
22,103.47.66.154,8080
23,190.12.95.170,47029
24,93.80.28.81,35427
25,206.0.9.13,8080
0,8.218.153.16,59394
1,46.0.140.87,55443
2,47.242.76.207,59394
3,178.47.139.151,35102
4,178.18.249.105,8080
5,58.53.40.116,7082
6,185.37.211.222,50330
7,24.60.152.70,8080
8,103.250.166.17,6666
9,110.232.67.45,55443
10,192.184.189.14,8118
11,43.134.205.80,59394
12,181.129.70.82,46752
13,169.56.2.202,80
14,179.107.52.76,56473
15,203.190.112.6,8071
16,139.227.71.232,7890
17,1.14.104.146,808
18,58.96.153.140,8080
19,183.80.84.25,4105
20,154.79.244.62,58792
21,103.216.82.19,6666
22,188.65.237.30,50333
23,185.110.28.228,8080
24,191.102.251.137,8085
25,187.73.68.14,53281
26,200.85.169.18,47548
27,139.217.81.16,9080
28,115.243.184.76,23500
29,149.210.235.107,5566
0,47.243.160.201,59394
1,117.17.27.197,8080
2,109.75.38.91,22800
3,103.231.80.242,55443
4,42.192.162.27,7788
0,83.103.193.74,13192
1,103.216.82.37,6666
2,81.4.102.233,8081
3,103.241.227.117,6666
4,43.224.10.35,6666
5,103.87.170.62,58248
6,185.34.22.225,37879
7,47.240.43.71,3128
8,114.6.88.238,60811
9,37.29.80.161,8080
10,46.101.245.251,8118
11,200.25.254.193,54240
12,187.190.64.42,31442
13,195.9.61.22,45225
14,218.145.227.2,4002
15,103.22.172.38,59458
16,203.190.114.251,8071
17,101.109.255.17,43501
18,170.254.224.7,55443
19,103.240.160.21,6666
20,213.230.68.210,3128
21,91.218.247.21,3128
22,168.196.205.4,8080
23,177.87.168.101,53281
24,177.101.55.34,9090
25,131.108.84.14,8080
26,187.108.39.64,6666
27,177.87.168.6,53281
28,200.63.65.64,8080
29,177.8.115.7,50297
30,45.227.250.251,9292
31,103.124.226.60,3127
32,103.250.68.10,8080
33,103.54.43.131,8080
34,118.67.219.153,8080
35,201.186.131.56,999
36,181.209.116.132,8080
37,191.102.251.154,8085
38,35.182.7.190,443
39,168.228.150.5,47507
40,177.10.193.233,8080
0,47.243.33.33,59394
1,41.180.18.58,8080
2,192.158.15.201,60684
3,109.122.35.24,53281
4,14.161.8.96,8118
5,88.132.34.230,53281
6,84.51.56.70,8080
7,71.19.252.30,9101
8,140.136.158.199,8998
9,109.86.182.203,3128
10,8.218.219.244,59394
11,181.129.183.19,53281
12,183.82.111.91,81
13,213.226.11.149,41878
14,92.247.2.26,21231
15,103.36.11.161,14571
16,118.67.220.49,36075
17,103.108.98.1,55207
18,8.218.23.23,59394
19,139.5.29.97,39241
20,47.243.21.78,59394
21,213.6.204.153,49044
22,50.16.89.231,3128
23,181.129.138.114,30838
24,91.204.154.238,8080
25,47.242.86.153,59394
26,95.161.188.246,38302
27,18.207.243.232,49205
28,24.245.85.51,1516
29,190.2.210.123,999
0,103.6.184.222,39241
1,45.170.148.76,56437
2,43.134.208.123,59394
3,114.6.227.28,8080
4,109.75.34.40,33333
5,103.81.194.74,8080
0,45.64.179.125,23500
1,190.210.8.93,8080
2,134.122.102.103,8118
3,177.87.168.97,53281
4,186.251.226.10,8080
5,34.146.18.173,3128
6,180.215.61.194,59394
7,24.172.82.94,53281
8,131.161.68.41,31264
9,2.188.166.22,3128
10,115.76.243.64,4002
11,170.83.60.125,55443
12,103.250.156.24,6666
13,181.143.106.162,52151
14,178.63.126.8,1080
15,8.218.178.176,59394
16,124.158.88.56,54555
17,81.4.102.223,8081
18,176.62.178.247,47556
19,103.123.64.19,8888
20,201.184.145.60,999
21,42.115.178.72,4004
22,89.28.37.7,8080
23,81.24.93.204,41258
24,210.211.118.172,60000
25,116.111.155.30,4003
26,13.58.64.92,80
27,62.221.68.170,8080
28,183.91.0.120,3128
29,202.141.233.166,48995
30,184.82.76.203,4003
0,171.240.189.188,4002
1,78.30.230.117,50932
2,96.9.77.71,8080
3,92.204.251.172,1080
4,131.108.118.27,8080
5,146.120.214.9,8080
6,37.228.65.107,32052
7,85.172.19.214,8080
0,8.218.29.190,59394
1,118.71.225.109,4001
2,94.198.237.122,53281
3,181.205.41.210,7654
4,178.63.126.13,1080
5,77.221.35.45,40811
6,178.63.126.11,1080
7,134.122.133.220,59394
8,114.134.188.124,55667
9,89.20.48.118,8080
10,96.9.69.164,53281
11,95.68.16.13,53281
12,8.218.37.180,59394
13,183.81.156.131,8080
14,180.250.170.210,59778
15,49.51.242.151,808
16,43.134.198.216,59394
17,8.210.68.101,59394
18,191.100.22.203,8080
19,187.109.120.67,38653
20,8.218.32.219,59394
21,52.91.11.246,3128
22,37.59.186.237,3128
23,146.196.96.131,8080
24,45.114.144.47,57581
25,103.110.91.242,3128
26,69.2.26.186,8080
27,89.188.110.196,8080
28,8.210.37.41,59394
29,8.210.251.36,59394
30,200.37.140.34,10101
31,103.18.77.105,10001
32,46.73.191.150,53281
33,116.107.232.63,4002
34,14.162.216.52,4004
35,47.243.74.226,59394
36,109.238.222.5,40387
0,159.146.126.148,8080
1,159.146.126.156,8080
2,159.146.126.130,8080
3,159.146.126.154,8080
4,159.146.126.137,8080
5,159.146.126.133,8080
6,159.146.126.135,8080
7,159.146.126.141,8080
8,159.146.126.143,8080
9,159.146.126.144,8080
10,8.218.166.148,59394
11,159.146.126.146,8080
12,159.146.126.131,8080
13,159.146.126.149,8080
14,159.146.126.142,8080
15,159.146.126.153,8080
16,159.146.126.134,8080
17,159.146.126.139,8080
18,159.146.126.132,8080
19,185.143.20.101,8080
20,159.146.126.150,8080
21,82.33.214.117,8080
22,185.55.242.66,3128
23,64.227.6.0,4003
24,200.54.194.13,53281
25,200.37.140.36,10101
26,205.201.49.132,53281
27,104.255.183.34,999
28,143.244.139.84,3128
29,175.106.18.201,38708
30,14.207.163.150,8080
31,103.163.217.143,10000
32,140.227.127.228,80
33,185.7.152.64,53281
34,139.255.89.2,8080
35,176.120.206.135,55443
36,103.163.217.150,10000
0,199.188.192.152,8080
1,159.146.126.157,8080
2,43.230.161.181,59394
3,94.74.132.129,808
4,109.173.85.246,8000
5,43.230.161.216,59394
6,41.60.234.182,8080
7,200.69.79.219,55443
8,195.201.106.150,1080
9,192.140.42.81,47277
10,109.91.145.95,8118
11,202.147.173.107,3128
12,47.243.182.242,59394
13,16.162.91.29,8118
14,8.210.215.213,59394
15,140.227.126.229,59394
16,47.254.173.137,17981
17,8.210.35.129,59394
18,190.97.247.210,999
19,183.91.0.125,3128
20,43.224.10.46,6666
21,196.216.72.33,38970
22,203.81.87.186,10443
23,47.242.200.148,80
24,78.37.24.148,8080
25,116.90.229.186,35561
26,81.161.61.88,35953
27,91.206.148.243,61410
28,92.204.251.167,1080
29,92.204.251.195,1080
30,78.46.79.74,1080
31,171.240.190.77,4006
32,101.109.186.215,8080
33,182.160.4.182,59394
34,185.20.198.213,22800
35,35.176.176.78,8080
36,18.130.110.254,3128
37,91.150.189.122,30389
38,37.59.203.134,1080
39,8.210.219.124,59394
40,36.73.73.84,3128
41,47.242.6.186,59394
42,113.252.11.250,8118
43,43.132.166.30,59394
44,43.129.233.87,59394
0,131.221.98.98,55443
1,43.230.161.234,59394
2,163.53.209.7,6666
3,154.236.177.100,1981
4,195.182.152.238,38178
5,49.128.185.109,8181
6,93.159.247.109,3128
7,58.209.234.8,3389
8,92.118.92.107,8181
9,190.152.182.150,55443
10,209.45.111.195,45729
11,1.20.217.52,8080
12,41.65.46.178,1981
13,158.181.138.19,8081
14,113.11.20.200,8080
15,91.210.176.104,3111
16,93.157.163.66,35081
17,5.141.244.97,61288
18,213.79.122.158,8080
0,124.41.213.201,39272
1,80.80.134.101,8888
2,178.23.190.31,3128
3,45.169.161.133,8080
4,110.232.67.42,55443
5,14.207.127.175,8080
6,45.70.198.195,999
7,85.113.136.130,55443
8,80.49.100.44,8118
9,103.36.11.240,14571
10,193.70.38.143,3128
11,116.203.144.41,3128
12,190.196.176.5,60080
13,200.69.79.218,55443
14,211.24.105.248,41917
15,18.191.126.235,8888
16,45.128.220.192,59394
17,45.128.220.75,59394
18,202.162.37.165,8080
19,78.111.97.182,3142
20,95.31.5.29,54651
21,118.174.196.112,36314
22,45.125.222.97,36110
23,190.11.15.2,59274
24,45.226.205.33,999
25,79.124.78.29,80
0,103.69.46.103,58199
1,103.162.205.109,8181
2,8.218.106.116,59394
3,197.255.52.214,8081
4,117.121.211.170,8080
5,45.128.220.77,59394
6,124.121.59.206,8213
7,92.204.251.204,1080
8,45.128.220.54,59394
9,103.133.24.97,8181
10,85.234.126.107,55555
11,144.217.7.157,5566
12,45.128.220.109,59394
13,47.242.158.41,8080
14,172.107.193.236,443
15,207.47.68.70,21231
16,110.168.255.74,8118
17,5.183.71.145,39305
18,45.128.220.203,59394
19,110.50.86.122,42851
20,103.158.121.163,8083
21,13.232.139.182,80
22,45.6.159.235,34523
23,176.118.49.102,53281
24,47.74.226.8,5001
25,71.19.250.92,9018
26,47.242.69.151,59394
27,45.128.220.17,59394
28,47.243.161.207,59394
29,175.144.247.10,53281
30,45.128.220.105,59394
31,149.19.224.29,3128
32,103.83.118.10,55443
33,47.243.254.111,59394
34,115.126.12.119,59394
35,129.226.125.228,31100
0,45.128.220.34,59394
1,45.128.220.183,59394
2,171.233.151.214,55443
3,109.122.8.65,53281
4,45.128.220.20,59394
5,46.246.84.15,8888
6,95.53.246.137,3128
7,86.62.68.141,3128
8,202.40.188.90,40486
9,45.128.220.138,59394
10,188.32.254.15,8000
11,119.235.17.105,55443
12,45.128.220.194,59394
13,216.169.73.65,34679
14,206.43.196.31,55443
15,175.100.103.170,55443
16,185.228.137.136,8118
17,45.128.220.124,59394
18,5.160.84.61,8080
0,178.47.141.85,2580
1,62.133.168.72,55443
2,110.168.255.85,8118
3,31.182.60.78,8080
4,109.71.15.209,8118
5,116.197.130.170,8080
6,185.74.7.51,3128
7,85.185.159.75,8080
8,103.240.168.138,6666
9,93.117.72.27,43631
10,103.151.246.14,10001
11,45.128.220.232,59394
12,83.171.114.92,45822
13,89.189.128.183,8080
14,85.214.217.137,5001
15,118.71.225.130,4001
16,178.47.141.128,46321
17,36.94.27.124,8080
18,66.70.229.133,43567
19,94.228.192.197,8087
0,212.95.180.50,53281
1,113.125.128.4,8888
2,101.132.195.179,9991
3,47.242.37.181,59394
4,109.173.44.42,8000
5,45.5.92.94,8137
6,213.178.39.255,8080
7,170.83.60.124,55443
8,194.9.226.98,8080
9,95.216.12.141,20042
10,183.91.0.121,3128
11,3.130.22.236,9090
12,27.116.51.119,6666
13,187.62.191.3,61456
14,27.122.57.227,8080
15,194.163.148.53,8080
16,123.128.12.87,30001
17,195.158.3.198,3128
18,85.15.69.150,36652
19,62.33.210.34,58918
20,158.58.133.106,41258
21,190.112.233.131,8888
0,116.58.239.94,23500
0,92.242.254.18,32191
1,175.106.17.98,8080
2,133.242.146.103,8000
3,78.157.225.216,3128
4,192.140.91.133,50701
5,163.53.207.20,3128
6,47.243.246.168,59394
7,103.162.72.2,8080
8,201.249.161.51,999
9,47.243.249.197,59394
10,47.243.253.87,59394
11,152.204.128.46,33047
12,115.75.2.213,38351
13,37.232.183.74,53281
14,103.155.196.114,8181
0,14.139.209.52,80
1,14.139.209.53,80
2,45.201.202.158,4011
3,195.3.214.169,8888
4,118.67.167.38,59394
5,43.224.10.27,6666
6,213.178.38.146,3128
7,186.233.98.173,23500
8,189.36.209.134,8081
9,103.107.94.2,52827
10,45.81.225.67,9055
11,103.103.212.33,53281
12,51.79.50.22,9300
13,211.24.95.49,47615
0,45.128.220.36,59394
1,103.109.58.54,8080
2,183.181.54.219,12345
3,91.193.253.188,23500
4,212.126.107.2,31475
0,181.10.230.100,57148
0,66.70.178.214,9300
1,45.128.220.79,59394
2,158.69.71.245,9300
3,82.156.207.216,59394
4,51.222.13.100,3128
5,36.91.45.10,51672
6,89.22.17.62,61616
7,1.52.230.135,4003
8,188.72.6.98,37083
9,95.216.64.229,20042
10,95.172.52.133,3128
0,78.138.99.73,1080
1,1.32.59.217,47045
2,137.74.93.21,1080
3,166.159.90.56,53281
4,202.43.184.206,443
5,145.239.226.148,1080
6,145.239.226.146,1080
7,103.87.170.117,55616
8,92.204.251.199,1080
9,152.228.132.66,1080
10,54.37.160.90,1080
11,185.56.209.114,52342
12,103.21.163.76,6666
13,54.37.160.88,1080
14,141.94.170.33,1080
15,145.239.226.144,1080
16,92.204.251.205,1080
17,138.201.120.214,1080
18,24.106.221.230,53281
19,31.24.88.229,55443
20,3.9.113.31,3128
21,112.124.56.162,8080
0,145.239.226.150,1080
0,177.92.70.250,8080
0,8.210.64.10,59394
1,177.221.238.33,3128
2,27.109.116.119,23500
3,43.133.204.219,59394
4,27.116.51.181,6666
5,46.246.84.23,8888
6,43.133.204.78,59394
7,103.47.238.157,55243
8,176.110.121.90,21776
9,182.253.93.4,53281
10,129.205.182.214,8081
11,45.89.103.62,59394
12,85.133.130.18,8080
13,194.213.43.166,60530
14,157.90.4.97,9200
15,154.236.179.235,1976
16,187.102.222.28,6666
17,79.147.46.239,8080
18,200.116.198.148,40711
19,45.89.103.68,59394
20,47.242.85.152,59394
21,212.164.216.128,8040
22,85.133.187.177,8080
23,145.239.226.149,1080
24,18.183.236.0,8899
25,50.246.120.125,8080
26,117.7.120.249,4001
27,47.243.77.25,59394
28,51.91.109.83,80
29,8.218.6.180,59394
30,8.210.113.219,59394
31,27.138.176.186,8080
32,8.218.31.47,59394
33,45.89.103.58,59394
34,47.242.169.117,59394
35,146.56.145.222,3128
0,47.243.119.112,59394
1,47.243.98.88,59394
2,155.0.181.254,43496
3,8.218.208.94,59394
4,54.37.160.92,1080
5,194.233.73.105,443
6,222.252.28.42,4002
7,54.36.176.74,1080
8,46.0.107.121,55443
9,8.218.73.65,59394
10,47.243.169.241,59394
11,185.238.250.13,59394
12,47.242.112.60,59394
13,116.105.20.208,4001
14,47.242.153.79,59394
15,78.138.99.77,1080
16,5.131.243.11,8080
17,47.242.249.173,59394
18,198.199.87.216,8899
19,37.221.206.206,8080
20,121.235.70.34,8118
21,103.212.93.253,48434
22,80.93.212.44,3155
23,46.198.132.228,21231
24,47.242.11.212,59394
0,54.37.160.93,1080
1,103.149.92.114,59394
2,109.111.142.36,53281
3,92.204.251.166,1080
4,1.119.196.202,1080
5,2.184.102.163,9090
6,107.189.29.103,3128
7,45.128.220.229,59394
8,154.239.3.181,8080
9,187.49.70.238,8080
10,92.204.251.197,1080
11,41.77.129.154,53281
12,45.128.220.89,59394
13,67.219.118.225,8080
14,13.57.164.200,80
15,185.11.228.191,7012
16,78.138.99.68,1080
17,47.103.201.22,8118
18,176.56.107.202,51528
19,205.185.228.154,8888
20,88.157.191.23,8000
21,151.80.136.138,3128
22,91.83.227.230,41258
23,190.197.54.82,30950
24,150.109.123.176,60080
25,200.69.79.222,55443
26,94.74.164.152,3129
27,145.239.226.145,1080
28,103.30.85.58,3128
0,220.135.92.253,8118
1,103.85.107.126,1196
2,83.151.4.172,57812
3,78.138.99.67,1080
4,202.165.64.1,8080
5,212.120.186.39,60963
6,52.128.227.243,1081
7,185.42.60.242,8080
8,43.224.10.32,6666
9,190.145.200.126,53281
10,79.118.170.170,53281
11,171.224.236.36,4003
12,222.190.196.169,10011
13,110.184.3.73,8118
14,42.53.64.196,8118
15,1.83.103.151,37824
16,221.1.174.139,8118
17,166.111.33.196,7890
18,101.6.35.100,10080
19,111.201.210.192,7890
20,114.238.54.247,8089
21,120.77.159.138,7890
22,93.188.124.70,43050
23,41.77.13.186,53281
0,116.203.227.24,8118
1,41.57.156.202,38251
2,41.65.46.180,1981
3,200.252.32.40,53281
4,103.105.212.106,53281
5,54.36.176.76,1080
6,43.229.252.28,53281
7,78.138.99.71,1080
8,94.177.238.28,8081
9,103.69.46.238,58538
10,174.139.41.164,9090
11,14.207.73.236,8080
12,132.145.103.245,8118
13,170.239.255.2,55443
14,89.108.83.243,3128
15,145.239.226.151,1080
16,117.5.31.10,4010
17,45.179.169.116,8080
18,54.37.160.91,1080
19,78.138.99.78,1080
20,36.74.66.111,8080
21,36.90.181.180,8080
22,46.166.174.69,1080
0,185.156.35.156,57367
1,85.214.124.194,5001
2,176.119.134.182,23500
3,52.44.99.213,3128
4,103.214.202.105,8080
5,45.179.200.129,999
6,103.87.170.115,55278
7,45.89.103.5,59394
8,81.24.90.43,41258
9,58.84.186.45,53281
10,110.139.163.64,3128
11,92.204.251.165,1080
12,45.121.216.219,55443
13,118.193.47.193,8118
14,18.183.245.159,8899
15,160.19.232.85,3128
16,36.67.57.45,30066
17,202.77.120.38,57965
18,165.16.0.105,1981
0,103.83.116.122,55443
1,18.183.120.239,8899
2,188.65.237.46,49733
3,41.85.191.14,57797
4,41.60.216.242,23500
0,81.24.91.208,41258
1,176.120.213.241,41258
2,190.60.71.124,80
3,182.66.231.6,55207
4,176.197.95.2,3128
5,171.232.74.123,45006
6,202.43.190.11,8118
7,187.63.224.46,6666
8,188.225.84.41,3128
9,119.28.131.202,59394
10,146.120.175.253,8989
11,87.110.237.97,44692
12,78.154.167.68,8080
13,178.140.225.55,8000
14,45.89.103.248,59394
0,218.80.127.6,8118
1,43.128.36.80,59394
2,181.49.100.190,8080
3,144.34.186.31,1080
4,45.89.103.226,59394
5,185.200.34.217,59394
6,43.224.10.23,6666
7,185.200.34.232,59394
8,47.243.230.112,59394
9,185.208.102.139,8080
10,5.188.211.40,8080
11,150.107.207.137,61954
12,43.133.195.40,59394
13,104.37.173.130,80
14,43.133.179.183,59394
15,45.89.103.51,59394
16,43.133.172.7,59394
17,95.142.219.181,56379
18,194.50.171.192,8118
19,128.199.150.47,8989
0,140.246.119.98,8888
1,102.22.193.41,55443
2,47.241.61.60,9005
3,43.133.183.139,59394
4,168.235.64.246,8118
0,202.180.20.10,55443
1,191.5.103.81,56352
2,78.138.99.66,1080
3,177.32.243.159,3128
4,43.224.10.36,6666
5,178.136.2.208,55443
6,146.56.173.210,59394
7,49.156.47.162,8080
8,197.155.230.206,8080
9,200.61.16.80,8080
10,177.93.38.213,999
11,200.106.187.247,999
12,177.141.148.120,53168
13,45.167.23.30,999
14,179.61.98.102,999
15,179.191.245.58,3128
0,158.255.51.213,61468
1,213.230.121.114,3128
2,103.255.242.115,8080
3,81.26.152.158,8080
4,168.138.211.5,8080
5,176.118.50.237,53281
6,180.251.212.137,8080
7,158.101.146.40,59394
8,140.246.7.242,8888
9,43.224.8.116,6666
0,150.129.151.83,6666
0,103.170.122.148,8118
1,43.224.10.26,6666
2,154.236.179.233,1976
0,89.189.181.161,55855
1,112.229.26.207,8118
2,167.172.7.242,3128
3,18.183.102.198,8899
4,36.72.125.39,8080
5,5.160.85.155,3128
6,78.38.12.27,8080
7,5.190.15.194,8080
8,18.183.165.28,8899
9,95.179.226.188,80
10,170.106.151.187,39876
11,206.189.153.143,80
12,188.163.170.130,41209
13,96.9.79.200,6969
14,199.116.124.108,8080
15,92.255.196.91,8080
16,45.128.220.48,59394
17,45.63.58.90,10801
18,43.224.10.37,6666
19,109.70.189.79,53281
20,171.244.140.121,8118
0,43.135.102.150,7890
1,46.147.109.190,8080
2,45.184.155.84,6969
3,113.53.29.218,33885
4,212.73.74.182,33333
5,87.225.111.251,3128
6,171.5.27.181,8080
7,156.200.116.74,1981
8,180.183.5.165,8080
9,45.179.187.30,8083
10,27.147.138.118,8080
11,190.90.242.208,999
12,66.23.232.83,3128
13,103.209.230.129,8080
14,123.200.26.214,8080
15,201.20.80.113,666
16,181.188.134.60,999
17,190.103.86.254,8080
18,181.129.248.126,999
19,45.236.103.41,8085
20,186.148.184.92,999
21,187.115.10.50,20183
22,181.204.7.164,999
23,186.211.177.161,8082
24,115.127.162.234,8080
25,181.143.28.190,80
26,118.67.220.58,36075
27,92.204.173.232,1080
28,179.189.207.65,3129
29,204.199.125.90,8080
30,45.167.90.21,999
31,181.78.18.25,999
32,187.92.132.14,8080
33,186.148.191.226,999
34,131.221.66.66,999
0,51.75.164.66,8080
1,82.140.213.229,55443
2,190.186.18.177,999
3,204.199.110.202,999
4,181.204.8.26,999
5,45.7.135.238,999
6,181.78.15.105,999
7,191.97.8.250,999
8,45.7.132.194,999
9,149.34.7.65,8080
0,116.101.208.248,4005
1,39.108.193.201,8888
2,110.139.147.30,8081
3,103.134.223.20,8080
4,194.143.248.103,41258
5,160.226.208.239,8080
0,41.190.147.158,54018
0,94.180.249.187,38051
1,58.84.170.48,53281
2,95.38.28.87,8080
0,101.6.93.118,10080
0,160.16.211.154,3128
1,45.128.220.182,59394
2,181.78.0.35,8080
3,140.82.5.38,1080
4,159.203.31.27,8118
5,217.11.184.27,3128
6,43.224.10.22,6666
7,191.103.219.225,48612
8,45.128.220.102,59394
9,91.185.54.141,59398
10,45.128.220.204,59394
11,68.183.91.97,3128
12,182.253.171.223,8080
13,178.63.126.10,1080
14,128.199.186.207,24001
15,103.172.70.33,8080
16,92.204.251.198,1080
17,176.56.107.160,32585
18,43.255.38.17,59394
19,188.126.90.10,8888
0,45.128.220.178,59394
1,27.79.131.31,4003
2,45.114.144.85,45782
3,92.204.251.168,1080
4,66.70.229.129,43567
5,182.34.18.118,25624
6,210.121.172.191,8080
7,207.148.95.179,8081
8,54.242.33.209,3128
0,124.121.59.198,8213
1,45.128.220.239,59394
2,37.59.203.129,1080
3,47.243.235.74,59394
0,116.80.41.113,3128
1,46.166.174.116,1080
2,45.42.177.30,3128
3,45.128.220.18,59394
4,45.128.220.56,59394
5,85.195.95.222,1080
6,92.204.251.182,1080
7,92.204.251.187,1080
8,92.204.251.185,1080
9,78.38.12.186,8080
10,46.166.174.114,1080
11,188.214.128.119,1080
12,95.170.156.220,808
13,178.151.205.154,45099
14,46.166.174.68,1080
15,188.214.128.164,1080
16,171.225.181.189,4001
17,18.183.212.56,8899
18,46.166.174.66,1080
19,45.128.220.103,59394
20,37.59.203.131,1080
21,5.45.106.24,8118
22,46.166.174.67,1080
23,103.241.227.98,6666
24,45.128.220.22,59394
25,85.195.95.220,1080
26,85.195.95.219,1080
27,92.204.251.200,1080
28,85.195.95.221,1080
0,45.128.220.128,59394
1,213.135.118.150,3128
0,37.59.203.132,1080
1,37.59.203.135,1080
2,66.70.229.121,43567
3,77.238.79.111,8080
4,37.59.203.133,1080
5,46.166.174.85,1080
6,38.126.208.230,1080
7,46.166.174.70,1080
8,38.126.208.227,1080
9,170.246.85.9,50991
10,94.179.135.230,43033
11,46.166.174.115,1080
12,34.229.130.62,49205
13,38.126.208.226,1080
14,78.138.99.70,1080
15,18.222.17.49,49205
16,14.102.44.25,44047
17,38.126.208.224,1080
18,46.166.174.118,1080
19,46.166.174.82,1080
20,38.126.208.223,1080
21,37.59.203.128,1080
0,113.120.32.70,46736
1,39.103.199.2,808
2,112.124.52.17,8080
3,110.87.56.30,8118
4,200.164.65.82,55443
5,37.59.203.130,1080
0,45.128.220.98,59394
0,101.6.93.169,10080
1,42.192.38.43,8888
2,118.190.145.23,7890
3,178.22.195.249,53281
4,145.239.226.147,1080
5,36.92.85.66,8080
6,194.146.24.161,1234
7,183.89.65.26,8080
8,183.89.115.112,8080
9,210.212.92.182,8181
10,46.166.174.86,1080
11,124.248.165.51,8080
12,45.225.184.193,999
13,51.75.49.208,42312
0,47.242.127.141,59394
1,45.128.220.184,59394
2,103.18.77.34,8080
3,47.243.190.196,59394
4,187.94.16.59,39665
