0,194.233.73.107,443
1,187.49.70.238,8080
2,213.230.90.106,3128
3,34.138.225.120,8888
4,27.72.28.32,8008
5,77.50.104.110,3128
6,116.80.41.113,3128
7,47.57.30.255,59394
8,103.124.2.229,3128
9,103.156.216.170,8080
10,45.128.220.128,59394
11,85.113.136.130,55443
12,45.128.220.18,59394
13,45.128.220.183,59394
14,163.172.35.121,8088
15,37.59.186.237,3128
16,23.251.138.105,8080
17,170.155.5.235,8080
18,129.226.113.45,59394
19,82.33.214.117,8080
20,217.11.184.27,3128
21,158.181.138.19,8081
22,159.65.5.141,65534
23,45.128.220.204,59394
24,45.128.220.22,59394
25,85.195.104.71,80
26,45.128.220.20,59394
27,178.22.195.249,53281
28,47.243.190.196,59394
29,1.20.217.52,8080
30,81.33.4.214,61711
31,45.128.220.184,59394
32,103.18.77.34,8080
33,45.128.220.102,59394
34,182.160.4.182,59394
35,194.44.172.254,23500
36,182.191.84.39,80
37,58.84.170.48,53281
38,93.105.40.62,41258
39,187.94.16.59,39665
40,79.147.46.239,8080
41,118.190.145.23,7890
42,101.6.93.118,10080
43,42.192.38.43,8888
44,101.6.93.169,10080
45,81.161.61.88,35953
46,45.128.220.138,59394
47,37.59.203.133,1080
48,95.38.28.87,8080
49,54.37.160.90,1080
50,45.128.220.229,59394
51,192.140.42.83,31511
52,85.195.95.220,1080
53,46.166.174.69,1080
54,101.109.255.17,43501
55,145.239.226.147,1080
56,185.201.88.128,6969
57,66.70.229.121,43567
58,124.41.213.201,39272
59,45.128.220.192,59394
60,152.204.128.46,33047
61,45.128.220.105,59394
62,46.151.145.4,53281
63,118.201.86.150,3128
64,41.77.129.154,53281
65,110.74.199.16,63141
66,110.74.208.154,21776
67,103.255.242.115,8080
68,24.106.221.230,53281
69,54.37.160.88,1080
70,190.211.105.86,55443
71,187.190.64.42,31442
72,103.214.202.105,8080
73,194.146.24.161,1234
74,36.92.85.66,8080
75,194.233.73.103,443
76,103.69.46.238,58538
77,116.68.161.54,55443
78,128.199.186.207,24001
79,183.89.65.26,8080
80,183.89.115.112,8080
81,202.147.173.107,3128
82,133.125.54.107,80
83,123.30.128.45,3128
84,210.212.92.182,8181
85,37.59.203.131,1080
86,131.221.97.8,55443
87,202.75.97.82,47009
88,37.59.203.132,1080
89,54.37.160.93,1080
90,168.235.64.246,8118
91,145.239.226.149,1080
92,182.52.236.134,8080
93,193.242.178.90,44551
94,46.166.174.85,1080
95,46.166.174.86,1080
96,45.225.184.193,999
97,51.75.49.208,42312
98,124.248.165.51,8080
99,5.190.29.161,8080
0,45.42.177.30,3128
1,85.195.95.218,1080
2,194.233.69.90,443
3,119.81.189.194,80
4,47.74.226.8,5001
5,171.233.151.214,55443
6,46.166.174.117,1080
7,165.16.22.166,8080
0,20.47.108.204,8888
1,24.60.152.70,8080
0,45.128.220.239,59394
1,45.128.220.103,59394
2,27.116.51.181,6666
0,104.167.243.178,3128
0,27.79.131.31,4003
1,178.217.172.206,55443
2,121.235.70.34,8118
3,95.111.225.137,443
0,117.0.144.223,4002
0,138.201.120.214,1080
1,190.210.8.90,8080
2,107.189.29.103,3128
0,187.108.39.64,6666
1,81.163.57.147,41258
2,160.16.211.154,3128
3,152.228.132.66,1080
4,187.92.71.154,53281
5,110.232.67.42,55443
6,89.189.128.183,8080
7,38.126.208.227,1080
8,103.162.72.2,8080
9,213.226.11.149,41878
10,92.204.251.182,1080
11,182.111.172.111,46736
12,103.18.77.105,10001
13,111.76.145.40,28257
14,103.121.215.34,43520
15,113.214.48.5,8000
16,120.52.73.44,18080
17,103.208.200.115,23500
18,92.204.251.188,1080
19,78.37.24.148,8080
20,113.226.42.178,8118
21,91.234.127.222,53281
22,45.118.205.164,55443
23,117.20.216.218,8080
24,222.252.28.42,4002
25,200.37.140.36,10101
26,36.95.80.147,8080
27,191.242.178.209,3128
28,103.220.206.110,59570
29,190.220.1.173,56974
30,154.236.177.100,1981
31,202.180.20.10,55443
32,5.58.33.187,55507
33,176.98.95.105,32018
34,195.138.73.54,44017
35,192.158.15.201,60684
36,202.180.54.97,8080
37,45.128.220.54,59394
38,154.236.179.226,1976
39,103.124.137.40,8080
40,167.114.96.27,9300
41,191.5.103.81,56352
42,182.148.8.83,8118
43,96.9.79.200,6969
44,185.17.134.149,45984
45,18.183.212.56,8899
46,110.232.78.55,55667
47,188.234.250.191,8080
48,209.146.19.59,55443
49,181.176.151.214,3128
50,109.111.141.91,53281
51,46.229.187.169,53281
52,131.221.98.98,55443
53,195.53.49.11,3128
54,103.22.172.38,59458
55,92.242.254.51,32191
56,116.58.239.94,23500
57,88.132.34.230,53281
58,71.19.250.92,9018
59,45.194.150.225,2001
60,103.133.24.97,8181
61,85.195.95.219,1080
62,38.126.208.230,1080
63,185.58.224.205,8081
64,187.73.68.14,53281
65,1.179.183.73,50178
66,103.105.212.106,53281
67,181.129.70.82,46752
68,195.201.106.150,1080
69,46.246.84.23,8888
70,37.57.38.133,44299
71,95.31.119.210,31135
72,191.241.226.230,53281
73,79.142.95.90,55443
74,185.230.4.233,55443
75,129.226.125.228,31100
76,192.162.192.148,55443
77,164.68.123.119,9300
78,200.54.194.13,53281
79,185.208.102.139,8080
80,94.74.132.129,808
81,128.201.138.21,3128
0,209.52.84.136,53281
1,185.142.67.23,8080
2,190.152.5.126,53040
3,181.129.74.58,40667
4,186.159.3.43,30334
5,181.224.204.22,22800
6,202.165.47.90,55443
7,183.88.134.239,8080
8,78.84.14.122,53281
9,117.2.28.235,55443
10,201.184.145.60,999
11,172.107.96.30,443
12,210.121.172.191,8080
13,104.37.173.130,80
14,116.105.20.208,4001
15,182.253.93.4,53281
16,41.65.252.101,1981
17,217.219.61.6,8080
18,202.141.233.166,48995
19,186.29.163.97,49787
20,82.200.107.98,3128
21,92.84.56.10,50782
22,209.141.52.87,8080
23,95.31.5.29,54651
24,182.160.124.26,8081
25,217.11.184.30,3128
26,114.7.27.98,8080
27,38.126.208.229,1080
28,212.5.206.97,8080
29,102.22.193.41,55443
30,181.78.0.35,8080
31,77.238.79.111,8080
32,118.179.173.253,40836
33,24.217.192.131,57273
34,194.233.69.38,443
35,115.42.8.15,53281
36,92.204.251.199,1080
37,103.11.106.70,8181
38,213.135.118.150,3128
39,103.87.170.90,55616
40,54.37.160.91,1080
41,86.123.166.109,8080
42,190.60.71.124,80
43,45.5.92.94,8137
44,91.150.189.122,30389
45,193.193.240.34,45944
46,182.72.150.242,8080
47,49.156.47.162,8080
48,116.197.130.170,8080
49,43.224.10.11,6666
50,41.65.46.178,1981
51,200.105.215.18,33630
52,88.255.102.98,8080
53,200.69.79.220,55443
54,188.126.90.10,8888
55,155.0.181.254,43496
56,170.246.85.106,50991
57,108.21.233.5,8888
58,202.40.188.90,40486
0,103.230.15.71,443
1,213.182.139.164,8080
2,139.255.129.161,8080
3,150.129.171.35,30093
4,197.210.217.66,34808
5,116.111.31.133,3128
6,78.188.118.233,9090
7,77.86.31.251,8080
8,47.242.38.171,59394
9,47.242.252.109,59394
10,211.237.5.77,8899
11,44.228.118.40,8081
12,8.217.45.103,59394
13,163.172.209.85,7777
14,165.84.180.111,3128
15,181.192.2.233,53281
16,3.113.3.213,59394
17,182.16.171.42,43188
18,172.105.235.199,31330
19,188.68.38.158,8899
20,20.210.124.253,8000
21,149.19.224.36,3128
22,161.202.226.194,80
23,47.241.51.226,10119
24,34.77.73.11,80
25,8.217.15.73,59394
26,77.222.152.108,8080
27,162.84.131.114,8089
28,20.105.253.176,8080
29,2.188.166.25,3128
30,190.11.15.2,59274
31,188.43.15.89,8080
32,14.177.236.212,55443
33,49.128.185.109,8181
34,5.189.136.139,8899
35,103.151.140.165,8080
36,103.250.153.242,31382
37,103.215.72.115,55443
38,43.154.70.234,808
39,139.162.89.65,31330
40,45.229.139.10,41890
41,94.27.63.94,3128
42,89.171.41.90,6969
43,172.105.5.11,3129
44,185.219.23.244,808
45,54.36.176.76,1080
46,46.146.209.132,61309
47,77.77.215.6,8080
48,110.232.86.155,8080
49,116.251.214.12,443
50,50.116.24.44,3129
51,34.229.168.95,8118
52,62.210.177.105,3128
53,195.14.114.33,8080
54,137.220.194.156,7777
55,178.88.185.2,3128
56,62.182.114.164,60731
57,122.129.85.69,8080
58,8.210.216.171,59394
59,51.79.50.46,9300
60,200.37.140.34,10101
61,45.70.198.195,999
62,158.69.27.94,9300
63,172.104.230.121,31330
64,200.32.51.179,8080
65,2.32.168.174,80
66,223.29.199.144,55443
67,154.0.15.166,46547
68,103.36.11.161,14571
69,104.168.141.178,8089
70,110.36.229.162,8080
71,140.246.222.64,8888
72,201.62.56.49,35816
73,116.251.214.13,443
74,103.228.118.78,8080
75,78.30.230.117,50932
76,181.129.43.3,8080
77,36.94.172.187,6969
78,140.246.224.68,8888
79,59.63.117.141,32909
80,103.114.98.58,8080
81,103.143.193.182,3128
82,150.140.143.213,4000
83,140.246.246.196,8888
84,113.239.3.164,7082
85,180.164.124.82,7890
86,112.237.103.100,7890
0,78.154.167.68,8080
1,168.119.118.250,5566
2,181.143.106.162,52151
3,1.214.62.103,8000
4,201.221.126.253,8000
5,51.15.61.32,80
6,110.74.195.34,25
7,46.246.84.10,8888
8,140.227.25.56,5678
9,163.116.136.115,8081
10,213.231.19.191,53281
11,37.1.39.198,53281
12,190.95.162.110,3129
13,116.90.229.186,35561
14,5.202.191.226,8080
15,109.86.182.203,3128
16,109.232.106.236,49565
17,43.224.8.14,6666
18,185.189.199.75,23500
19,80.66.81.35,53281
20,134.119.206.106,1080
21,114.110.21.54,50464
22,85.15.69.150,36652
23,177.87.168.6,53281
24,77.40.252.172,8080
25,220.135.92.253,8118
26,36.83.34.119,3128
27,177.8.113.63,50297
28,185.127.224.60,41890
29,31.204.180.44,53281
30,169.57.1.85,8123
31,163.116.136.113,8081
32,118.69.69.182,8080
33,47.243.135.104,8080
34,173.249.57.9,443
35,103.213.208.131,8080
36,176.119.134.9,23500
37,160.119.128.102,21213
38,93.180.219.125,8080
39,27.138.176.186,8080
40,206.57.244.5,8009
41,163.116.136.114,8081
42,163.116.136.116,8081
43,163.116.136.117,8081
44,194.233.73.106,443
45,194.233.73.108,443
46,45.152.188.228,3128
47,66.94.120.161,443
48,194.233.69.41,443
49,194.233.69.126,443
50,169.57.1.84,8123
51,45.152.188.227,3128
52,45.152.188.229,3128
53,101.99.95.54,80
54,45.189.19.7,45356
55,182.50.104.55,60080
56,134.209.42.113,8899
57,116.80.58.110,3128
58,103.92.114.2,80
59,194.233.67.98,443
60,103.79.35.97,34525
61,50.246.120.125,8080
62,31.131.67.14,8080
63,185.118.128.178,8080
64,43.224.10.48,6666
65,185.104.252.10,9090
66,195.209.131.19,46372
67,103.156.225.178,8080
68,213.230.126.144,3128
69,187.216.93.20,55443
70,164.70.119.216,3128
71,170.83.60.125,55443
72,185.34.22.225,37879
73,181.78.0.38,8080
74,164.70.119.206,3128
75,196.15.213.235,3128
76,103.107.94.2,52827
77,175.106.17.62,57406
78,103.73.102.174,60080
79,200.114.79.27,999
80,118.185.38.153,35101
81,62.210.53.34,3128
0,154.239.6.163,50800
1,45.170.148.76,56437
2,85.195.120.158,1080
3,150.129.148.88,35101
4,186.0.176.147,80
5,103.218.240.82,808
6,197.157.193.9,8080
7,179.184.165.181,8080
8,94.228.192.197,8087
9,45.7.177.195,34234
10,121.139.218.165,31409
11,207.47.68.91,21231
12,116.110.214.59,4001
13,54.37.160.92,1080
14,177.54.226.50,60080
15,158.69.52.218,9300
16,51.15.223.153,3128
17,139.162.77.22,31330
0,187.95.112.36,6666
1,181.36.121.222,999
2,95.217.84.58,8118
3,176.101.89.226,33470
4,46.173.214.14,8118
5,196.216.93.96,8080
6,165.154.92.146,8888
7,103.100.209.70,59394
8,185.177.125.108,8081
9,93.91.112.247,41258
10,117.121.204.9,9797
11,140.227.213.98,3128
12,201.99.66.9,8081
13,134.19.254.2,21231
14,61.216.185.88,60808
15,103.123.64.26,8888
16,92.42.109.190,1080
17,213.163.2.206,3128
18,144.217.240.185,9300
19,195.97.124.164,8080
20,186.103.179.50,60080
21,92.42.109.186,1080
22,200.58.100.111,80
23,79.124.78.144,5555
24,43.155.92.192,59394
25,85.195.120.156,1080
26,108.248.36.74,8118
27,147.91.144.120,8080
28,185.162.142.81,53281
29,12.218.209.130,53281
30,78.157.225.216,3128
31,95.216.12.141,20008
32,85.195.120.154,1080
33,47.243.225.209,8080
34,134.119.206.108,1080
35,92.42.109.187,1080
36,103.73.194.2,80
37,133.167.121.133,1976
38,193.242.151.43,8080
39,190.131.250.105,999
40,210.56.244.206,8080
41,134.119.206.109,1080
42,43.132.197.151,443
43,181.209.82.154,23500
44,200.25.254.193,54240
45,45.184.155.85,6969
46,158.69.53.132,9300
47,82.202.160.205,8118
48,66.94.97.238,443
49,102.68.129.30,8080
50,187.45.106.164,3128
51,45.15.16.185,8118
52,54.37.160.89,1080
53,45.79.230.234,80
54,41.164.68.194,8080
55,72.80.242.101,8080
56,134.119.206.107,1080
57,180.245.202.126,53281
58,84.237.254.131,53281
59,36.69.70.98,8080
60,14.207.79.73,8080
61,36.95.156.125,6969
62,103.109.59.242,53281
63,101.53.158.48,9300
64,190.210.211.70,8080
65,170.83.60.124,55443
66,201.216.91.35,6666
67,92.42.109.189,1080
68,203.84.136.245,8080
69,27.79.210.17,14208
70,200.116.198.177,35184
71,94.180.106.94,32767
72,188.126.90.2,8888
73,95.140.27.135,58901
74,84.53.247.204,53281
75,164.70.68.139,3128
0,170.254.224.7,55443
1,176.56.107.246,51528
2,43.155.96.103,59394
3,164.70.122.6,3128
4,95.216.247.69,40042
5,117.102.81.6,53281
6,61.216.156.222,60808
7,119.235.17.105,55443
8,140.227.199.207,3128
9,91.225.226.39,44388
10,187.110.236.145,53281
11,144.217.75.65,8800
12,77.38.21.239,8080
13,107.172.86.38,14999
14,213.134.211.158,3128
15,27.111.45.18,55443
16,81.163.53.118,41258
17,113.160.206.37,55138
18,113.130.126.2,31932
19,164.70.116.39,3128
0,103.154.230.137,5678
1,85.25.117.68,5566
2,5.183.101.101,14999
3,103.123.64.20,8888
4,103.241.227.117,6666
5,211.237.5.86,8899
6,103.9.188.229,36984
7,187.111.176.65,8080
8,204.13.155.165,14999
9,110.44.124.220,55443
10,109.167.134.253,30710
11,47.52.105.162,6666
12,177.125.169.6,55443
13,43.155.105.144,59394
0,212.126.107.2,31475
1,103.78.73.90,3128
2,118.99.70.222,8080
3,88.151.251.195,6969
4,85.25.99.106,5566
5,65.21.3.120,80
6,78.47.223.55,5566
7,111.92.240.134,30598
8,178.47.141.85,2580
9,111.92.164.242,50249
10,95.216.247.71,40086
11,103.163.134.2,8080
12,103.73.74.219,2021
13,5.183.179.95,14999
14,183.91.0.125,3128
15,72.47.152.224,55443
16,118.97.235.234,8080
17,58.121.29.160,4002
18,103.205.183.18,55443
19,114.7.193.214,8080
20,27.124.20.145,39484
21,34.145.237.227,80
22,3.11.160.69,80
23,170.239.255.2,55443
24,158.69.64.142,9300
25,93.180.221.205,8080
26,43.224.10.35,6666
27,185.177.125.28,8080
28,110.39.11.249,3128
29,202.154.180.53,46717
30,85.25.95.117,5566
31,190.145.200.126,53281
32,43.224.10.30,6666
33,188.120.232.181,8118
34,201.55.170.232,3128
35,202.148.26.24,3128
36,116.251.216.95,80
37,186.125.59.8,46316
38,85.114.112.22,8080
39,190.119.199.22,57333
40,124.40.252.182,8080
41,81.214.138.123,3128
42,187.111.176.121,8080
43,190.196.176.5,60080
44,103.116.118.226,8080
45,79.143.225.152,60517
46,85.25.91.156,5566
47,176.119.159.63,1080
48,200.151.165.214,23500
49,158.69.72.138,9300
50,180.250.170.210,59778
51,171.244.140.121,8118
52,103.251.214.167,6666
53,88.87.92.147,8118
54,180.250.153.129,53281
55,94.253.36.118,55443
56,128.0.179.234,41258
57,62.78.84.159,8080
58,41.65.174.120,1981
59,140.227.239.34,3128
60,220.135.165.38,8080
0,85.25.119.113,5566
1,88.119.195.35,8080
2,59.120.147.82,3128
3,8.210.238.62,80
4,47.242.242.32,80
5,45.122.233.76,55443
6,178.134.155.82,48146
7,163.116.159.237,8081
0,65.20.191.201,41890
1,80.244.35.146,8080
2,176.110.121.90,21776
3,103.227.254.118,2088
4,94.177.236.210,8081
5,182.23.55.234,53281
6,1.162.56.149,8080
0,31.173.94.93,43539
1,92.42.109.188,1080
2,177.86.201.22,8080
3,91.244.122.69,8080
4,118.67.151.29,80
5,92.207.253.226,38157
6,86.123.166.13,8080
7,185.222.123.98,3128
8,8.214.41.50,80
9,118.70.109.148,55443
10,160.16.233.90,3128
11,182.23.79.162,39902
0,115.42.0.186,53281
1,138.68.250.159,3128
2,170.80.65.221,6666
3,202.180.20.247,3128
4,200.114.66.20,999
5,195.191.246.198,53281
6,41.190.147.158,54018
7,84.42.124.102,3128
8,82.140.203.233,55443
9,78.107.236.236,38549
10,212.120.186.39,60963
11,64.17.30.238,63141
12,46.45.109.124,3128
13,46.0.203.186,8080
14,95.9.194.13,56726
15,103.145.133.22,42325
16,36.91.45.10,51672
17,85.195.120.155,1080
18,67.219.116.69,8080
19,79.104.25.218,8080
20,35.152.75.76,8181
21,36.37.177.186,8080
22,80.13.139.249,8118
23,117.121.202.62,8080
24,188.65.237.46,49733
25,185.182.222.178,8080
26,165.227.53.103,3128
27,188.225.84.41,3128
28,167.114.174.168,11120
29,177.54.226.51,60080
30,5.189.184.6,80
31,95.216.64.229,20010
32,201.249.161.51,999
33,125.24.102.254,8080
34,192.140.91.133,50701
35,140.227.238.217,3128
36,190.214.52.226,53281
37,124.156.174.58,10005
38,140.227.203.41,3128
39,118.70.12.171,53281
40,93.117.72.27,43631
41,85.25.208.198,5566
42,5.58.178.99,41890
43,116.254.116.99,8080
44,14.207.125.75,8080
45,103.86.187.242,23500
46,181.196.205.250,38178
47,103.12.160.85,31231
48,191.243.218.245,53281
49,36.66.43.65,8080
50,209.97.169.149,8080
51,49.12.43.32,5555
52,116.80.70.3,3128
53,164.70.75.194,3128
54,71.73.37.78,80
0,113.160.37.152,53281
1,36.37.139.2,43997
2,202.162.37.165,8080
3,194.114.128.149,61213
4,67.219.112.233,8080
5,103.171.44.116,80
6,222.252.156.61,62694
7,183.88.219.206,41564
8,92.118.92.107,8181
9,37.145.83.194,55443
10,178.47.141.128,46321
11,117.89.132.27,82
12,137.184.136.135,3128
13,193.242.151.44,8080
14,103.152.100.155,8080
15,41.65.236.43,1981
16,51.159.24.172,3163
17,62.152.75.110,50287
18,177.54.226.52,60080
19,83.221.208.217,1981
20,65.21.153.73,3001
21,147.124.208.250,55555
22,186.159.3.193,56861
23,103.241.248.233,8000
24,103.152.100.187,8080
25,80.106.247.145,53410
26,103.151.247.138,10001
27,175.100.103.170,55443
28,64.225.0.57,3128
29,37.59.50.50,8118
30,103.231.80.242,55443
31,222.252.68.229,4001
32,190.112.137.81,8085
33,5.133.24.132,8080
34,104.168.44.29,80
35,190.2.6.161,8080
36,181.129.138.114,30838
37,85.195.120.157,1080
38,14.161.252.185,55443
39,167.179.4.142,55443
40,37.29.80.161,8080
41,85.30.215.48,32946
42,134.122.102.103,8118
43,37.57.15.43,33761
44,5.141.244.97,61288
45,103.1.93.184,55443
46,151.232.21.255,8080
47,103.250.158.21,6666
0,176.241.89.244,53583
1,188.165.249.131,3129
2,51.222.40.26,9090
3,141.51.70.139,8080
4,85.15.152.39,3128
5,182.53.231.229,8080
6,119.28.45.102,60080
7,85.25.226.242,5566
8,94.73.205.1,55443
9,85.25.117.134,5566
10,103.66.196.218,23500
11,69.2.26.186,8080
12,158.69.67.129,5566
13,85.25.119.221,5566
14,5.104.174.199,23500
15,124.41.240.96,55443
16,96.36.8.51,8080
17,85.25.91.155,5566
18,124.107.167.225,8080
19,223.255.133.34,8080
20,201.120.27.15,53281
21,85.25.108.234,5566
22,123.231.238.221,80
23,104.207.156.22,33129
24,36.94.27.124,8080
25,195.170.38.230,8080
26,41.180.18.58,8080
27,103.159.24.146,8080
28,170.106.151.187,39876
29,160.16.222.153,3128
30,188.233.97.32,80
31,142.93.214.90,9090
32,222.132.96.234,8888
33,221.237.36.243,8118
34,85.25.93.136,5566
35,103.154.230.142,5678
36,153.3.250.242,33080
37,217.196.20.150,8080
38,176.120.193.111,55443
39,117.95.171.171,7082
40,39.98.45.168,8081
41,180.250.219.59,53281
42,103.255.178.20,9080
43,95.104.54.227,42119
44,176.56.107.204,32439
45,102.223.49.74,8080
46,195.182.133.107,3128
47,202.182.126.134,8901
48,77.233.5.68,55443
49,134.119.206.110,1080
50,140.227.69.254,4321
51,203.194.111.112,6969
52,37.157.219.119,3128
53,88.99.10.253,1080
54,45.184.155.254,6969
55,77.238.129.14,55443
56,222.186.133.50,18080
57,115.73.20.149,40009
58,115.208.235.163,8118
59,112.16.118.6,7890
60,120.77.171.171,22
61,91.206.148.243,61410
62,47.117.68.109,22
63,185.20.198.210,22800
64,115.73.23.117,40009
0,190.119.199.21,57333
1,14.143.168.230,8080
2,62.28.247.150,3128
3,54.193.249.144,8080
4,195.158.9.188,3128
5,121.146.167.17,4001
6,85.25.150.32,5566
7,43.154.124.196,59394
8,47.242.119.110,59394
9,146.56.173.210,59394
10,121.121.105.203,8118
11,103.69.45.174,58199
12,47.242.108.242,59394
13,93.157.163.66,35081
14,213.230.69.193,3128
15,174.139.41.164,9090
16,94.177.237.19,8081
17,38.101.122.186,999
18,202.62.84.210,53281
19,205.201.49.131,53281
20,43.154.142.169,8118
21,123.231.221.242,6969
22,213.32.75.88,9300
23,93.99.12.17,8080
24,103.121.199.142,8080
25,161.97.183.154,3128
26,87.255.215.9,3128
27,176.118.209.12,53281
28,150.129.151.83,6666
29,115.75.1.184,8118
30,49.0.82.190,8080
31,46.246.86.8,8888
32,46.243.220.68,3128
33,120.24.151.182,22
34,212.19.7.246,3128
35,182.16.171.65,43188
36,94.73.239.124,55443
37,117.28.66.153,7082
38,160.251.14.122,3129
39,122.15.131.65,57873
40,81.163.47.82,41258
41,85.25.199.50,5566
42,221.144.56.29,4001
43,96.95.164.41,3128
44,203.202.246.34,8080
45,179.49.161.90,8080
46,201.89.97.222,8080
47,177.93.58.18,999
48,45.184.131.13,8181
49,186.211.177.161,8082
50,103.166.38.1,8080
51,190.109.11.44,6969
52,179.189.125.222,8080
53,200.106.184.13,999
0,47.242.113.4,59394
1,177.234.196.187,999
2,188.156.240.240,8118
3,85.25.4.28,5566
4,181.129.73.194,8080
5,128.201.102.170,6789
6,119.40.83.138,8080
0,109.75.145.152,15392
1,87.245.209.110,8080
2,36.89.148.47,33677
3,212.46.230.102,6969
4,186.154.211.107,999
5,187.19.102.22,3128
0,163.172.75.81,5566
1,186.96.111.178,999
2,152.231.25.58,8080
3,190.0.17.66,8080
4,45.188.236.196,8080
5,190.11.192.118,999
0,149.125.67.227,8080
1,91.221.17.220,8000
2,43.154.43.148,8118
3,77.28.97.78,50359
4,103.250.166.17,6666
5,83.136.90.249,8080
6,51.15.85.114,8118
7,150.107.137.25,80
8,183.88.33.172,8213
9,144.217.7.157,5566
10,39.102.138.226,8889
11,39.108.154.193,22
12,114.130.78.187,8080
13,43.134.194.21,8118
14,124.156.100.83,8118
15,212.112.113.178,3128
16,185.118.129.44,8080
17,39.108.234.56,22
18,200.114.65.15,999
19,202.142.126.6,8080
20,103.73.74.22,2021
21,80.65.28.57,30962
0,212.115.232.79,31280
1,149.56.96.252,9300
0,218.149.163.134,8080
1,101.132.134.206,22
2,59.63.118.227,41979
3,120.55.190.250,3128
4,113.20.118.244,8080
5,166.111.81.125,7890
6,1.180.156.226,65001
7,47.103.18.139,7890
8,43.228.125.189,8080
9,152.67.198.97,8080
10,176.119.158.31,8118
11,187.44.167.78,60786
12,103.250.166.12,6666
13,176.56.107.224,51528
14,159.65.69.186,9300
15,27.72.147.22,40009
16,103.143.197.44,8080
17,51.15.8.75,3738
18,140.238.42.240,3128
19,167.71.199.228,8080
20,89.218.186.134,3128
21,223.99.57.242,8111
22,89.219.25.42,3128
23,178.219.37.70,8080
24,8.217.112.99,59394
25,147.135.134.57,9300
26,101.53.154.137,2008
27,80.191.162.2,514
28,202.77.120.38,57965
29,103.255.241.190,55443
30,118.99.104.135,8080
31,14.162.180.140,8080
32,103.241.227.110,6666
33,50.232.250.157,8080
34,213.230.121.114,3128
35,202.158.15.146,55667
36,5.180.130.90,80
37,146.196.40.109,8181
38,217.6.236.35,3128
39,5.9.89.187,808
40,54.159.139.112,9090
41,104.149.3.3,8080
42,139.224.117.194,22
43,81.163.41.47,41258
44,195.158.3.198,3128
45,213.32.75.44,9300
46,91.207.147.243,38472
47,37.232.183.74,53281
48,103.216.82.19,6666
49,202.43.72.201,8080
0,167.172.173.210,42031
1,23.234.247.36,8118
2,20.74.169.104,8118
3,41.60.232.8,8080
0,139.224.15.192,22
1,120.78.139.255,22
2,140.238.25.11,3128
3,95.0.90.243,8080
0,195.168.98.98,8000
1,14.54.27.37,4003
0,95.137.240.30,60030
0,46.246.82.2,8888
1,85.105.212.60,5003
0,102.65.131.76,8080
1,202.169.229.139,53281
2,198.23.223.201,7890
3,186.29.90.246,8080
4,43.224.10.42,6666
0,91.207.238.107,56288
1,23.234.213.157,6666
2,45.189.252.250,999
3,106.0.48.130,8080
4,185.104.249.54,50000
5,114.130.39.169,8080
6,168.90.15.177,999
7,182.253.161.107,8081
8,91.204.239.189,8080
9,51.79.121.94,3128
10,201.20.104.206,666
11,88.225.232.154,8080
12,103.86.159.25,80
13,212.156.55.34,8080
14,182.253.217.163,8080
15,41.65.236.53,1981
16,43.241.29.201,8080
17,171.241.47.43,8118
18,201.174.10.170,999
19,81.215.105.45,3128
20,80.243.158.6,8080
21,186.3.85.138,999
22,177.93.34.227,999
23,43.250.127.98,9001
24,201.77.110.1,999
25,200.24.199.146,999
26,36.92.165.91,8080
27,181.188.216.151,8080
28,176.9.63.62,3128
29,61.247.49.251,8080
30,41.65.181.133,8089
31,180.191.14.105,8080
32,103.156.70.26,8089
33,41.186.44.106,3128
34,181.205.46.178,41890
35,190.110.99.105,999
36,45.167.253.129,999
37,201.91.82.155,3128
38,190.110.99.106,999
39,187.62.191.3,61456
0,186.206.142.211,8118
1,85.25.132.27,5566
0,150.242.182.98,80
0,85.25.133.28,5566
0,8.9.226.151,8080
1,103.155.198.5,8080
2,180.250.219.61,53281
3,129.21.92.209,8080
4,149.125.30.163,8080
5,167.179.103.81,8888
6,194.233.73.104,443
7,194.233.73.105,443
8,41.77.13.186,53281
9,45.33.26.53,3128
10,181.143.235.94,999
11,182.23.107.210,3128
12,201.187.68.180,999
13,103.87.201.86,8080
14,47.242.200.148,80
15,8.210.229.169,59394
16,85.25.208.212,5566
17,210.56.22.92,8080
18,103.220.204.101,59570
19,165.22.45.209,8899
20,81.4.102.223,8081
21,103.130.4.25,55443
22,77.70.35.87,37475
0,103.69.46.104,58538
1,103.156.128.245,8080
2,37.238.132.46,80
3,109.194.101.128,3128
4,178.205.169.210,3128
5,85.25.118.155,5566
0,106.14.147.96,22
1,154.56.143.136,8080
2,85.25.246.206,5566
3,103.228.246.37,3127
4,47.97.69.104,10005
5,47.102.110.19,7890
6,47.93.239.66,1080
7,39.96.11.1,8003
8,50.233.42.98,51696
9,124.158.88.56,54555
10,1.179.148.9,55636
11,92.242.254.55,53545
12,139.224.134.145,22
13,199.188.192.176,8080
14,85.143.219.153,3128
0,18.216.136.190,9090
1,177.129.253.133,3128
2,143.208.59.2,999
3,158.69.71.245,9300
4,125.167.134.71,8080
5,187.102.236.161,999
6,190.109.205.253,999
7,36.95.74.103,8080
8,211.53.100.186,8080
9,78.138.131.248,3128
10,158.69.53.98,9300
11,14.161.31.192,53281
12,77.236.238.33,1256
13,185.20.198.115,41890
14,185.255.46.121,8080
15,212.46.255.78,8080
16,159.192.147.186,8080
17,83.220.35.174,41890
18,80.73.87.198,59175
19,80.244.230.86,8080
20,193.150.117.102,8000
21,78.30.198.160,8080
22,201.150.117.81,999
23,176.32.185.22,8080
24,41.86.42.41,8080
25,67.205.128.38,3128
26,187.193.74.221,8080
27,163.53.209.8,6666
28,183.88.57.66,8213
29,12.88.29.66,9080
30,45.190.79.160,999
31,41.193.177.26,8080
32,103.100.128.193,8080
33,46.243.220.111,8118
34,203.217.169.100,6969
35,222.252.194.75,8081
36,177.93.50.11,999
37,221.145.101.63,4001
38,189.164.111.68,10101
39,47.88.7.115,3129
40,190.97.236.140,999
41,188.127.250.62,10000
42,47.254.90.125,8800
43,14.53.72.89,8080
44,187.243.250.197,3128
45,185.103.168.78,8080
46,94.232.11.178,46449
47,201.243.15.252,8080
48,201.144.14.232,53281
49,177.32.195.19,3128
50,187.102.222.222,6666
51,178.151.34.43,8080
52,197.232.65.40,55443
53,66.70.178.214,9300
54,168.167.45.148,8080
55,47.243.191.105,59394
56,47.115.156.64,3128
57,103.209.64.19,6666
0,110.232.67.19,8080
1,139.255.99.162,50031
2,195.158.18.236,3128
3,114.130.39.173,8080
4,89.22.152.32,53726
5,138.204.68.42,1337
6,85.25.198.22,5566
7,85.25.155.103,5566
8,85.25.195.177,5566
0,8.217.2.51,59394
0,171.224.229.183,4004
1,118.255.198.234,44406
2,203.190.45.10,3127
3,157.230.233.189,3007
4,85.25.196.76,5566
5,167.172.178.193,43807
6,201.217.246.178,8080
7,167.86.81.208,3128
8,38.10.246.86,999
9,181.224.207.18,999
10,94.156.6.137,8080
11,200.88.174.10,999
12,190.221.33.11,999
13,38.10.246.20,999
14,181.78.1.202,591
15,223.205.105.48,3128
16,177.39.136.163,8080
17,103.146.30.178,8080
18,190.144.163.86,9090
19,123.200.5.210,45780
20,177.124.184.8,8080
21,144.22.166.106,3128
22,203.153.125.245,8080
23,186.97.177.190,999
24,103.140.188.61,8085
25,103.213.237.129,8080
26,202.4.101.222,8080
27,123.231.242.218,8080
28,186.216.211.34,8080
29,191.110.127.223,999
30,103.213.105.190,8080
31,103.11.106.148,8181
32,38.10.246.166,999
33,186.225.40.62,3128
34,138.117.84.177,999
35,186.3.85.133,999
36,181.129.14.163,999
37,177.128.44.126,6006
38,119.252.168.218,7676
39,203.153.125.242,8080
40,95.107.172.29,8080
41,183.88.189.205,8080
42,41.60.232.9,34098
43,78.141.213.2,8003
44,118.99.100.97,8080
45,187.102.222.131,6666
0,116.73.14.16,8080
1,14.207.122.184,8080
2,187.237.121.46,80
3,180.94.69.66,8080
4,144.129.84.114,8118
0,109.86.152.78,55443
1,85.25.111.162,5566
2,103.241.109.130,3128
0,85.25.119.98,5566
1,94.136.197.126,3128
2,202.150.150.210,8080
3,103.151.221.4,8080
4,187.109.121.61,38653
5,45.229.205.146,55555
6,178.151.205.154,45099
7,94.74.104.163,8118
8,115.72.47.30,8080
9,190.205.101.54,999
10,50.250.56.129,46456
11,188.163.170.130,41209
12,103.194.175.86,8080
13,45.121.216.99,80
0,41.57.156.202,38251
0,20.64.146.83,8214
0,85.25.132.9,5566
1,45.43.63.230,10001
2,91.231.233.124,11712
3,139.196.90.48,22
4,14.215.212.37,9168
5,77.37.136.33,8118
6,114.130.39.62,8080
7,158.140.170.183,8085
8,91.103.31.147,81
9,103.83.179.106,8181
10,190.122.185.170,999
11,122.116.20.91,8080
12,45.229.33.114,999
13,103.167.34.104,8080
14,36.91.166.98,8080
15,85.217.192.39,1414
16,181.224.207.19,999
17,181.205.110.122,999
18,177.93.50.234,999
19,45.71.37.211,999
20,45.70.236.124,999
21,5.153.234.91,3128
22,103.147.85.94,8080
23,158.140.169.86,80
24,45.166.144.2,999
25,85.187.184.129,8080
26,119.148.32.25,8080
27,202.43.190.10,53128
28,117.251.114.197,3128
29,38.65.138.6,999
30,138.219.245.17,8080
31,177.234.244.206,999
32,160.154.165.64,8080
33,189.165.45.15,10101
34,152.200.154.60,999
35,170.80.202.242,999
36,181.143.235.99,12345
0,109.86.224.150,30318
1,101.99.31.69,3128
0,91.107.15.221,53281
1,101.33.127.236,8888
2,212.129.15.88,8080
3,12.229.217.226,55443
4,149.28.205.110,8118
5,46.219.80.142,57401
6,177.104.125.173,55443
7,24.14.225.100,8118
8,103.81.114.182,53281
9,36.137.63.124,7777
10,168.138.211.5,8080
11,178.216.24.80,55443
12,106.14.225.154,22
13,121.43.32.240,8877
14,103.73.32.34,45003
0,186.208.81.214,3129
1,46.8.247.3,50967
2,203.207.52.206,8085
0,185.56.209.114,52342
1,203.190.112.6,8071
2,43.224.10.19,6666
3,45.169.128.149,8080
4,186.96.117.28,999
5,103.23.206.170,8080
6,193.41.88.58,53281
7,67.73.184.178,8081
8,59.124.224.205,3128
9,31.128.71.241,8081
10,190.90.154.197,999
11,200.111.182.6,443
12,216.155.89.66,999
13,77.50.104.4,3128
14,190.171.168.90,999
15,222.162.121.224,7890
16,47.117.136.150,22
17,119.23.58.246,22
18,47.117.116.196,22
0,200.58.87.195,8080
1,91.193.253.188,23500
2,176.56.107.161,32161
3,5.56.133.132,3128
4,47.115.6.196,3389
5,45.229.205.117,55555
0,85.25.95.231,5566
1,110.232.67.45,55443
2,46.0.113.160,55443
3,20.76.104.250,8080
4,185.74.7.51,3128
5,123.231.221.243,6969
6,85.25.117.171,5566
7,213.194.113.135,9090
8,85.25.198.20,5566
9,213.6.66.66,48687
10,62.205.169.74,53281
11,45.229.205.116,55555
12,158.181.21.247,8081
13,213.230.91.80,3128
14,103.103.212.33,53281
15,45.121.216.219,55443
16,131.108.118.27,8080
17,186.233.186.60,8080
18,183.91.0.124,3128
19,46.243.220.99,8118
20,103.251.225.16,6666
21,196.0.111.194,34638
22,110.74.195.65,55443
23,14.207.84.11,8080
24,27.109.116.28,55443
25,111.67.207.97,17501
26,185.23.128.181,3128
27,223.99.214.21,53281
0,200.54.194.12,53281
0,89.250.149.114,60981
0,183.238.16.14,7890
0,20.84.90.24,8214
1,185.216.25.17,5566
2,40.76.88.246,8214
3,188.190.245.135,55443
4,94.179.135.230,43033
0,216.169.73.65,34679
0,101.51.106.70,49285
0,202.40.188.94,40486
1,27.116.51.119,8080
0,91.202.240.208,51678
0,183.87.153.98,49602
1,58.97.72.83,8080
2,103.65.212.150,8085
3,181.129.183.19,53281
4,01.20.217.52,8080
5,212.225.137.109,8080
6,116.80.41.12,80
7,92.255.196.91,8080
8,179.255.219.182,8080
9,202.65.158.237,82
0,189.51.4.254,45367
1,45.184.155.250,6969
2,109.195.23.223,34031
3,169.239.188.61,48807
4,59.6.89.58,8080
5,31.199.12.150,80
6,103.151.246.14,10001
7,5.35.44.234,32132
8,103.176.79.136,8080
9,186.219.96.47,54570
0,37.26.86.206,47464
1,103.216.82.37,6666
2,47.97.11.193,8888
3,154.236.184.73,1976
4,190.63.169.34,53281
5,82.99.232.18,58689
0,47.103.99.75,22
1,195.158.14.118,3128
2,1.32.59.217,47045
3,139.196.216.229,22
0,51.158.160.195,8118
1,59.66.224.29,7890
2,201.217.245.229,49160
3,183.172.172.156,7890
4,109.122.39.205,53281
5,37.61.220.234,1080
6,37.61.220.238,1080
7,64.225.65.54,8118
8,94.130.169.235,32006
9,95.161.188.246,38302
10,110.76.129.106,59570
11,95.167.59.162,3128
12,169.55.126.19,80
13,85.195.123.194,1080
14,176.62.178.247,47556
15,144.91.83.174,3128
16,95.67.64.162,3128
17,195.91.221.230,55443
18,81.24.95.176,41258
19,85.173.165.36,46330
20,176.56.107.248,56667
21,162.155.10.150,55443
22,2.179.193.146,80
23,47.241.8.6,23511
24,89.189.181.161,55855
25,154.79.242.178,1686
26,159.69.107.250,8118
27,101.94.129.50,7890
28,136.232.116.2,48976
29,191.243.218.249,53281
30,79.111.13.155,50625
31,106.14.187.182,21673
32,43.225.23.131,80
33,85.195.123.198,1080
0,85.25.201.22,5566
1,192.162.193.243,36910
2,213.81.218.225,8080
3,77.119.237.96,55654
4,85.234.126.107,55555
0,83.151.2.50,3128
1,85.25.196.218,5566
2,45.236.152.45,6666
0,20.103.139.62,3128
0,182.34.137.1,25624
1,45.143.92.160,3128
2,113.125.150.64,808
3,187.216.90.46,53281
4,103.158.121.79,8080
5,192.140.42.81,47277
6,115.243.184.76,23500
7,176.120.196.112,55443
0,103.233.255.61,1088
1,37.61.220.235,1080
0,161.22.35.254,999
1,208.163.39.218,53281
2,212.3.135.232,3128
3,78.36.196.79,4023
0,85.25.4.27,5566
1,80.251.220.30,22225
2,176.56.107.80,47855
3,103.126.249.82,8080
4,54.82.127.154,8787
5,159.224.243.185,37793
6,200.37.140.37,10101
7,176.31.68.252,20213
8,47.254.158.22,17981
9,170.210.4.222,37409
10,197.245.230.122,41026
11,103.210.161.198,8998
12,36.55.228.7,2233
13,102.68.129.54,8080
14,117.121.206.111,9797
15,170.83.60.19,55443
16,75.119.146.236,6969
17,45.7.176.126,34234
18,89.250.221.106,53281
19,202.69.45.22,8080
20,201.131.57.106,80
0,178.47.139.151,35102
1,177.82.85.134,3128
2,196.3.97.82,23500
3,78.47.195.69,8888
4,166.111.74.47,7890
5,46.35.249.189,41419
6,139.255.128.114,8080
7,92.60.190.22,50335
8,200.116.198.180,32605
9,194.44.104.242,31280
0,191.243.217.1,53281
1,192.99.239.215,8080
2,200.29.109.112,44749
3,190.119.199.20,57333
4,37.61.220.236,1080
5,1.10.141.220,54620
6,176.36.20.67,61935
7,139.5.132.245,8080
8,65.18.114.254,55443
9,152.228.128.48,8118
10,43.224.8.12,6666
11,47.241.21.88,23511
0,165.22.216.241,80
1,47.117.67.73,22
2,197.157.219.169,48625
0,207.148.28.167,59394
1,47.243.62.189,59394
2,103.170.96.2,8080
3,67.219.118.225,8080
4,40.88.134.114,8214
5,171.231.178.165,4003
6,103.241.227.114,6666
7,106.14.114.103,22
8,65.21.33.254,8888
9,171.231.168.198,4003
10,87.255.13.217,8080
11,183.81.156.130,8080
12,171.231.191.245,4003
13,167.172.178.68,44179
14,181.49.100.190,8080
15,80.66.81.40,8080
16,175.106.10.226,51630
0,218.238.214.45,8080
1,160.251.19.21,8118
2,85.25.119.241,5566
3,47.242.254.136,8119
4,103.76.44.82,8080
5,194.213.43.166,60530
6,77.111.56.27,8080
7,81.91.144.190,55443
8,20.76.116.208,8080
9,64.227.6.0,4003
10,128.199.45.26,12007
11,112.78.47.186,8080
12,170.81.35.26,36681
13,117.1.110.54,40308
14,181.224.207.20,999
15,177.129.11.150,8080
16,41.65.163.84,1976
17,222.252.23.5,8080
18,41.65.236.58,1981
19,82.137.244.151,8080
20,191.102.64.147,999
21,45.175.20.140,999
22,162.217.248.126,3128
23,183.89.43.55,8080
24,149.62.177.117,3128
25,69.160.192.139,8080
26,77.236.231.11,1256
27,197.246.212.66,3030
28,165.227.80.176,80
29,181.74.82.35,999
30,5.188.136.52,8080
31,181.196.241.198,9100
32,8.242.142.182,999
33,190.119.166.36,999
34,138.97.200.76,8080
35,5.16.0.174,8080
36,190.71.49.50,8080
37,190.211.81.211,3128
38,213.6.28.91,8080
39,201.157.254.26,8080
40,78.188.118.100,10001
41,120.29.124.131,8080
42,139.162.36.36,8080
43,31.192.233.30,5006
44,103.55.48.206,8080
45,156.200.110.116,1976
46,178.159.40.19,8080
47,31.163.192.161,3129
0,47.240.18.21,443
1,47.117.88.37,22
2,63.161.104.189,3128
3,185.190.141.11,3128
4,180.150.43.134,8080
5,176.56.107.93,50374
6,143.248.55.62,8118
7,74.96.88.84,8080
8,89.146.194.10,8080
9,203.173.219.131,8080
10,34.125.79.193,8080
11,160.19.232.85,3128
12,85.47.31.179,3128
13,188.138.106.143,5566
14,58.84.164.229,53281
15,188.138.106.93,5566
16,188.138.101.167,5566
17,188.138.106.158,5566
18,62.171.150.51,5566
19,143.92.61.97,59394
20,195.191.246.53,53281
21,51.79.50.22,9300
22,69.63.73.171,53281
23,45.184.155.253,6969
24,112.53.83.102,808
25,185.94.218.57,43403
26,103.147.77.66,5030
27,170.80.49.160,8080
28,203.190.114.251,8071
29,43.224.10.57,6666
30,45.174.70.18,53281
0,175.100.72.95,57938
1,166.111.130.199,7890
2,201.229.250.20,8080
3,180.87.1.142,8080
4,203.193.131.74,3128
5,185.125.169.24,8118
6,171.5.136.165,8080
7,149.28.77.38,59394
8,20.194.21.114,59394
9,110.74.198.175,56765
10,95.217.88.72,40050
11,143.92.61.35,59394
12,94.244.28.246,31280
13,118.27.25.92,8080
14,118.27.20.224,8080
15,85.25.91.161,5566
16,185.108.140.69,8080
17,125.160.221.63,3128
18,103.228.119.10,8080
19,118.99.87.79,8080
20,103.195.238.182,65000
21,36.92.93.223,8080
22,83.171.114.92,45822
23,203.176.180.154,55443
24,181.205.70.146,41890
25,107.155.116.47,59394
0,113.176.81.31,55443
1,185.92.223.62,59394
2,05.149.219.201,8080
3,197.248.184.157,53281
4,36.95.156.127,6969
5,203.123.57.154,63123
6,138.219.216.146,999
7,217.174.106.15,8118
8,114.6.88.238,60811
9,178.32.107.236,3128
10,185.17.132.15,2536
0,185.88.37.94,8085
1,175.139.179.65,42580
2,185.88.37.130,8085
3,185.88.37.106,8085
0,178.150.148.38,8282
1,171.245.250.225,3128
0,101.132.145.133,8080
1,182.43.242.37,8888
2,43.129.223.147,38080
3,118.98.65.146,8081
4,118.163.120.181,58837
5,138.201.154.35,24000
6,150.230.219.72,3128
7,78.92.231.44,55443
8,46.174.37.21,8118
9,178.32.116.64,3128
10,173.248.248.90,8080
11,94.130.218.231,3128
12,42.117.2.104,3128
13,51.83.241.111,3128
14,45.172.110.87,999
15,45.175.160.41,999
16,186.218.119.183,8080
17,45.239.123.99,999
0,177.36.7.61,53281
1,139.228.65.97,8080
2,185.88.37.127,8085
3,177.223.58.68,54579
4,118.99.103.91,61944
5,188.138.89.29,5566
6,62.138.7.104,5566
7,116.100.181.202,8080
8,62.138.8.42,5566
9,188.138.90.226,5566
10,37.61.220.237,1080
11,117.121.211.170,8080
12,23.184.48.159,1080
13,185.88.37.87,8085
14,160.16.230.184,8080
15,185.88.37.74,8085
16,185.88.37.81,8085
17,185.88.37.124,8085
18,185.88.37.115,8085
19,185.88.37.131,8085
20,185.88.37.100,8085
21,103.240.160.21,6666
22,113.12.102.243,7890
23,47.117.68.68,22
24,185.157.161.85,8118
25,134.209.216.204,3130
26,202.180.20.11,55443
27,41.216.178.151,8080
28,120.71.12.92,8901
29,101.255.103.201,53281
30,202.40.177.69,80
31,85.25.226.133,5566
32,218.106.61.155,21080
33,118.31.51.249,22
34,47.117.126.67,22
35,45.228.52.41,999
36,1.0.170.50,8080
37,81.218.45.219,8080
0,185.88.37.117,8085
1,47.119.152.33,22
2,122.136.212.132,53281
3,120.92.91.147,443
0,185.88.37.105,8085
1,213.139.32.14,8080
2,160.16.153.137,3128
3,212.34.1.110,8080
4,54.153.76.186,59394
5,54.176.80.170,59394
6,52.53.250.28,59394
7,52.53.222.234,59394
8,54.67.1.212,59394
9,54.154.196.67,59394
10,54.74.214.161,59394
11,54.74.127.226,59394
12,99.79.41.197,59394
13,176.34.138.32,59394
14,62.75.229.77,5566
15,54.219.60.209,59394
16,35.158.134.165,59394
17,121.204.252.75,59394
18,218.106.61.165,21080
19,222.249.173.24,84
20,119.123.103.170,12345
21,218.106.61.158,21080
22,47.105.54.91,3128
23,114.115.234.89,7890
24,185.88.37.114,8085
25,121.226.122.219,35026
26,59.63.52.17,34811
27,121.41.166.74,8877
28,3.99.135.92,59394
29,34.245.223.191,59394
30,54.94.234.249,59394
31,54.155.168.92,59394
32,54.233.122.246,59394
33,34.244.114.96,59394
34,34.245.212.131,59394
35,35.182.225.33,59394
36,54.207.250.148,59394
37,35.183.105.205,59394
38,52.67.182.226,59394
39,3.71.189.7,59394
40,54.233.206.224,59394
41,35.183.210.53,59394
42,18.197.51.30,59394
43,34.245.226.224,59394
44,3.249.142.111,59394
45,54.232.167.56,59394
46,35.182.97.160,59394
47,54.207.45.14,59394
48,18.159.248.89,59394
49,34.253.185.249,59394
50,3.72.82.24,59394
51,18.218.232.152,59394
52,54.219.15.106,59394
53,3.68.97.79,59394
54,3.70.22.40,59394
55,3.129.15.143,59394
56,3.134.117.249,59394
57,3.144.146.103,59394
58,3.98.56.185,59394
59,18.119.11.235,59394
60,18.217.89.47,59394
61,18.220.239.224,59394
62,18.188.208.45,59394
63,3.83.88.24,59394
64,3.21.163.76,59394
65,192.3.53.100,55473
66,18.196.90.217,59394
67,3.91.204.162,59394
68,35.171.23.158,59394
69,18.191.226.102,59394
70,3.92.208.73,59394
71,18.157.84.68,59394
72,50.18.243.98,59394
73,3.93.241.61,59394
74,52.15.225.90,59394
75,3.92.177.219,59394
76,18.205.162.92,59394
77,3.250.45.119,59394
0,185.88.37.80,8085
1,221.153.117.221,8080
0,137.184.228.92,8888
1,47.56.223.109,11080
0,8.218.209.189,443
1,103.165.251.2,8080
2,51.83.232.93,3128
3,195.187.63.42,8080
4,200.48.146.67,8080
5,194.233.86.130,3128
6,61.9.53.157,1337
7,110.78.152.113,8080
8,93.170.122.1,8080
9,79.104.197.58,8080
10,3.12.158.241,80
11,179.60.242.67,999
12,201.187.101.12,999
13,201.140.209.42,3128
14,186.6.38.178,999
15,41.86.251.62,8080
16,180.180.123.40,8080
17,197.255.209.34,8080
18,206.189.145.122,80
19,178.128.146.76,80
20,95.216.194.46,1081
21,190.181.35.91,3128
22,76.80.19.107,8080
23,45.169.163.73,999
24,194.44.87.245,8080
25,180.94.64.114,8080
26,82.114.106.40,1256
27,195.191.16.227,3128
28,202.131.234.194,8080
29,88.255.102.190,9090
30,213.135.0.69,8080
31,181.224.207.21,999
32,201.150.117.128,999
33,138.117.84.134,999
34,176.236.141.30,10001
35,40.136.41.6,8080
36,74.96.88.82,8080
37,45.5.94.182,3128
38,185.177.222.171,8089
39,198.255.17.202,3129
40,171.97.16.242,8080
41,200.39.153.1,999
42,157.100.53.110,999
43,103.21.163.70,6666
44,203.116.44.134,3128
45,85.196.179.34,8080
46,5.189.186.24,5566
47,120.78.95.169,22
0,185.88.37.110,8085
1,118.27.9.162,8080
2,202.61.254.57,8118
3,106.14.121.124,22
4,121.36.31.146,3389
5,68.183.58.145,5566
6,210.211.118.172,60000
7,185.88.37.91,8085
0,216.176.187.99,39824
1,82.202.202.2,5001
2,159.192.249.194,8080
3,115.79.198.18,55443
4,79.141.161.43,3128
5,185.88.37.111,8085
6,5.149.219.201,8080
0,221.230.185.195,10006
1,115.193.160.61,7890
2,14.20.235.35,45770
0,207.180.192.43,8118
1,139.255.94.122,39635
2,39.108.94.76,22
3,185.88.37.84,8085
4,18.178.198.225,10001
5,103.47.66.154,8080
6,79.141.161.45,3128
7,47.56.69.11,8000
8,185.88.37.108,8085
9,47.243.101.11,8118
10,178.210.31.6,53281
11,185.88.37.89,8085
12,120.71.147.222,8901
13,14.139.185.73,80
14,67.211.209.161,65000
15,193.34.21.4,55277
0,27.124.20.144,10016
1,68.6.198.21,8080
2,135.125.4.232,9090
3,190.197.54.82,30950
4,182.43.198.105,8888
5,62.75.229.165,5566
6,85.195.86.230,1080
7,95.67.19.181,3128
8,202.57.55.242,45112
9,85.195.123.197,1080
10,76.118.227.8,8080
11,79.141.175.185,3128
12,103.162.205.51,8181
13,135.23.201.43,8118
14,45.81.225.67,9054
15,79.141.171.211,3128
16,112.175.114.190,8000
17,185.88.37.118,8085
18,50.74.174.106,3128
19,79.141.170.43,3128
20,85.25.242.142,5566
21,185.88.37.113,8085
22,89.189.105.121,8081
23,62.75.229.155,5566
24,27.124.20.146,41716
25,149.56.33.210,8089
26,218.2.214.105,80
27,79.141.162.165,3128
28,138.2.19.53,59394
29,79.141.174.139,3128
30,192.121.246.229,8118
31,79.141.170.34,3128
32,79.141.166.50,3128
33,49.51.138.111,8118
34,120.143.18.201,8080
35,89.20.48.118,8080
36,23.225.64.59,1089
